time,open,high,low,close,volume,FINANCIAL_PRODUCT,MARKET_PERCEPTION,LEADERSHIP,DIGITAL_BANKING,MACRO_REGULATION,SERVICE,FINANCIAL_FEE
2023-01-03,45.11,46.46,45.11,46.46,1089800,0.0,0.0,0.4667,0.0,0.0,0.0,0.0
2023-01-04,46.63,46.63,46.01,46.58,837900,0.0,0.0,0.4667,0.0,0.0,0.0,0.0
2023-01-05,46.58,47.25,46.41,47.25,1078600,0.0,0.0,0.4667,0.0,0.0,0.0,0.0
2023-01-06,47.25,47.7,47.19,47.25,1125500,0.0,0.0,0.4667,0.0,0.0,0.0,0.0
2023-01-09,48.26,48.88,47.7,48.88,1667100,0.9091,0.5556,0.7333,0.0,0.0,0.0,0.0
2023-01-10,48.49,50.57,48.49,49.11,2112500,0.9091,0.5556,0.7333,0.0,0.0,0.0,0.0
2023-01-11,49.11,49.11,47.87,47.87,983000,0.9091,0.5556,0.7333,0.0,0.0,0.0,0.0
2023-01-12,47.93,47.93,47.14,47.7,1879000,0.9091,0.5556,0.7333,0.0,0.2,0.0,0.0
2023-01-13,47.93,48.66,47.93,48.26,822000,0.9091,0.5556,0.5556,0.0,0.2,0.0,0.0
2023-01-16,48.38,49.78,48.38,49.11,735200,0.7045,0.4896,0.5238,0.0,0.2,-1.0,0.0
2023-01-17,49.78,50.29,49.11,50.29,644600,0.7045,0.4896,0.5238,0.0,0.2,-1.0,0.0
2023-01-18,50.63,51.19,50.29,50.63,834000,0.803,0.5435,0.459,0.0,0.2,-1.0,0.0
2023-01-19,50.34,54.0,49.22,52.31,1716800,0.7523,0.5676,0.459,0.0,0.2,-1.0,0.0
2023-01-27,52.31,53.21,51.47,52.31,1552000,0.7523,0.5676,0.459,0.0,0.2,-1.0,0.0
2023-01-30,51.81,52.03,50.51,50.57,1045000,0.6755,0.5676,0.4159,0.0,0.2,-1.0,0.0
2023-01-31,50.57,51.69,49.39,51.69,1447700,0.6842,0.6541,0.4365,1.0,0.4667,0.0,0.0
2023-02-01,51.75,52.03,50.12,50.12,1136400,0.6571,0.6541,0.4469,1.0,0.4,0.0667,0.0
2023-02-02,49.84,51.75,49.84,50.96,984600,0.6571,0.6541,0.4469,1.0,0.4,0.0667,0.0
2023-02-03,50.79,52.31,50.12,52.31,893400,0.6571,0.6541,0.4469,1.0,0.4,0.0667,0.0
2023-02-06,52.09,54.17,51.47,54.0,1151200,0.7,0.6673,0.4469,1.0,0.52,0.0667,0.0
2023-02-07,53.61,53.72,51.75,51.75,1195400,0.7,0.6673,0.4469,1.0,0.52,0.0667,0.0
2023-02-08,51.81,54.11,51.81,52.99,884800,0.7,0.6673,0.4469,1.0,0.52,0.0667,0.0
2023-02-09,52.76,53.44,52.31,52.31,759400,0.7,0.6673,0.4469,1.0,0.52,0.0667,0.0
2023-02-10,53.16,53.16,52.2,53.16,647700,0.7,0.6673,0.4469,1.0,0.52,0.0667,0.0
2023-02-13,53.33,53.66,51.75,52.59,872700,0.7,0.6673,0.4469,1.0,0.52,0.0667,0.0
2023-02-14,52.59,52.59,51.3,52.03,1143100,0.7,0.6673,0.4195,1.0,0.52,0.0667,0.0
2023-02-15,52.03,52.99,51.3,52.31,899300,0.7,0.6673,0.4195,1.0,0.52,0.0667,0.0
2023-02-16,52.31,52.88,51.86,51.98,776600,0.7,0.6673,0.4195,1.0,0.52,0.0667,0.0
2023-02-17,52.31,52.48,51.75,52.31,918900,0.7,0.6673,0.4195,1.0,0.52,0.0667,0.0
2023-02-20,52.31,53.16,52.31,52.76,1095000,0.7,0.6673,0.4775,1.0,0.52,0.0667,0.0
2023-02-21,52.99,53.38,52.88,52.99,675500,0.7,0.6673,0.4787,1.0,0.52,0.0667,0.0
2023-02-22,52.99,53.04,52.03,52.31,1025500,0.7175,0.6673,0.4787,1.0,0.52,0.0667,0.0
2023-02-23,52.31,52.88,51.3,52.48,1025700,0.7175,0.6673,0.4787,1.0,0.52,0.0667,0.0
2023-02-24,52.31,52.88,50.63,52.59,631400,0.7175,0.6673,0.4787,1.0,0.52,0.0667,0.0
2023-02-27,52.31,52.59,51.58,52.2,501000,0.6935,0.6897,0.4136,1.0,0.52,0.0667,0.0
2023-02-28,52.37,52.71,52.09,52.59,565800,0.6935,0.6897,0.3898,1.0,0.52,0.0667,0.0
2023-03-01,51.92,52.54,51.86,52.31,729700,0.6935,0.6897,0.3898,1.0,0.52,0.0667,0.0
2023-03-02,52.31,52.76,51.64,52.43,984700,0.6935,0.6897,0.3898,1.0,0.6,0.0667,0.0
2023-03-03,51.64,52.2,51.13,51.13,798600,0.6935,0.6897,0.4136,1.0,0.6,0.0667,0.0
2023-03-06,51.19,51.86,51.19,51.19,711900,0.7211,0.7562,0.4114,1.0,0.6,0.6,0.0
2023-03-07,51.47,52.03,51.24,51.69,970300,0.7211,0.7562,0.4114,1.0,0.6,0.6,0.0
2023-03-08,51.19,51.86,51.02,51.86,871900,0.6747,0.7911,0.4467,1.0,0.7333,0.6,0.0
2023-03-09,51.75,52.54,51.58,52.31,1098100,0.6896,0.8667,0.4467,1.0,0.7333,0.6,0.0
2023-03-10,51.86,52.03,51.47,51.81,707800,0.6896,0.8667,0.4467,1.0,0.7333,0.6,0.0
2023-03-13,51.75,51.75,51.08,51.47,759200,0.7699,0.8667,0.496,1.0,0.7333,0.6,0.0
2023-03-14,51.19,51.3,50.91,51.19,863700,0.784,0.7333,0.48,0.0,0.6,0.2,0.0
2023-03-15,51.53,51.75,51.24,51.41,807800,0.9286,0.7333,0.4667,0.0,1.0,0.0,0.0
2023-03-16,51.19,51.75,50.34,51.19,806000,0.9286,0.7333,0.4667,0.0,1.0,0.0,0.0
2023-03-17,51.19,51.24,50.06,50.06,2272200,0.9286,0.7333,0.4667,0.0,1.0,0.0,0.0
2023-03-20,50.06,50.34,47.87,47.87,1034000,0.8571,0.0,0.4667,0.0,0.0,0.0,0.0
2023-03-21,48.04,50.57,48.04,48.66,1057400,0.8571,0.0,0.4667,0.0,0.0,0.0,0.0
2023-03-22,48.71,50.57,48.71,50.06,1055800,0.8571,0.0,0.4667,0.0,0.0,0.0,0.0
2023-03-23,49.95,51.02,49.11,51.02,849500,0.8571,0.0,0.4667,0.0,0.0,0.0,0.0
2023-03-24,51.19,51.19,50.01,50.06,630000,0.8571,0.0,0.6,0.0,1.0,0.0,0.0
2023-03-27,50.06,51.19,49.5,51.19,730100,0.8571,0.0,0.6,0.0,1.0,0.0,0.0
2023-03-28,51.08,52.26,50.68,51.64,845800,0.8571,0.0,0.7333,0.0,1.0,0.0,0.0
2023-03-29,52.03,52.03,50.91,51.92,422800,0.5952,0.8182,0.7333,0.0,0.6,0.0,0.0
2023-03-30,51.92,52.43,51.75,52.14,409700,0.5952,0.8182,0.7333,0.0,0.6,0.0,0.0
2023-03-31,52.2,52.43,50.91,51.41,950600,0.7302,0.9091,0.8,1.0,0.6,0.0,0.0
2023-04-03,51.58,52.26,51.3,52.2,736700,0.7302,0.9091,0.7333,1.0,0.6,0.0,0.0
2023-04-04,52.2,52.26,51.53,51.75,269900,0.7302,0.9091,0.7333,1.0,0.6,0.0,0.0
2023-04-05,51.92,51.92,51.24,51.81,336000,0.6667,0.9091,0.7333,1.0,0.6,0.0,0.0
2023-04-06,51.47,51.81,51.3,51.3,376300,0.6667,0.9091,0.7333,1.0,0.6,0.0,0.0
2023-04-07,51.19,51.24,50.34,50.63,747200,0.6667,0.9091,0.6,1.0,0.6,0.0,0.0
2023-04-10,50.63,50.63,50.06,50.06,639300,0.6667,0.9091,0.6,1.0,0.6,0.0,0.0
2023-04-11,50.06,50.63,49.61,49.61,751600,0.6667,0.9091,0.7333,1.0,0.6,0.0,0.0
2023-04-12,49.67,49.84,49.5,49.67,518400,0.6667,0.9091,0.7333,1.0,0.6,0.0,0.0
2023-04-13,49.67,49.78,49.39,49.61,491000,0.6667,0.9091,0.7333,1.0,0.6,0.0,0.0
2023-04-14,49.67,50.12,49.61,49.73,414800,0.6667,0.9091,0.7333,1.0,0.6,0.0,0.0
2023-04-17,49.73,49.78,49.39,49.73,488900,0.6667,0.9091,0.7333,1.0,0.6,0.0,0.0
2023-04-18,49.67,49.84,49.22,49.5,695100,0.6667,0.9091,0.7333,1.0,0.6,0.0,0.0
2023-04-19,49.56,49.89,49.5,49.78,416900,0.6667,0.9091,0.7333,1.0,0.6,0.0,0.0
2023-04-20,49.95,49.95,49.5,49.67,257800,0.7778,0.9091,0.8,1.0,0.6,0.0,0.0
2023-04-21,49.5,49.56,49.16,49.22,356500,0.8333,0.9091,0.7714,1.0,0.6741,1.0,0.0
2023-04-24,49.5,49.78,48.94,49.44,505800,0.8333,0.9091,0.7714,1.0,0.6741,1.0,0.0
2023-04-25,49.61,49.78,49.22,49.67,545800,0.8333,0.9091,0.7714,1.0,0.6741,1.0,0.0
2023-04-26,49.5,50.34,49.44,50.29,710200,0.8333,0.9091,0.6762,1.0,0.6741,1.0,0.0
2023-04-27,49.89,50.91,49.73,50.63,580400,0.8333,0.9091,0.6762,1.0,0.6741,1.0,0.0
2023-04-28,50.63,50.91,49.95,50.91,704700,0.8333,0.9091,0.6762,1.0,0.6741,1.0,0.0
2023-05-04,50.63,50.63,49.78,49.78,496000,0.8333,0.9091,0.6762,1.0,0.6741,1.0,0.0
2023-05-05,49.78,50.57,49.61,50.51,225700,0.8333,0.9091,0.6762,1.0,0.6741,1.0,0.0
2023-05-08,50.63,52.43,50.51,52.31,1500200,0.8333,0.9091,0.6762,1.0,0.6741,1.0,0.0
2023-05-09,52.31,52.82,51.92,51.92,563400,0.8333,0.9091,0.6762,1.0,0.6741,1.0,0.0
2023-05-10,51.69,52.31,51.53,51.75,417400,0.8333,0.9091,0.6114,1.0,0.5111,1.0,0.0
2023-05-11,51.75,51.81,51.19,51.19,505600,0.8333,0.9091,0.6114,1.0,0.5111,1.0,0.0
2023-05-12,51.19,52.2,51.08,52.2,710500,0.823,0.6949,0.6114,1.0,0.5111,1.0,0.0
2023-05-15,51.75,52.31,51.3,51.58,450500,0.9455,0.6333,0.6114,1.0,0.8222,1.0,0.0
2023-05-16,51.75,52.37,51.36,52.09,666100,0.9455,0.6333,0.6114,1.0,0.8222,1.0,0.0
2023-05-17,52.03,52.31,51.92,52.2,572700,0.9273,0.2667,0.5143,1.0,0.8222,1.0,0.0
2023-05-18,52.26,54.0,51.86,53.44,1678500,0.9273,0.2667,0.5143,1.0,0.8222,1.0,0.0
2023-05-19,53.16,53.38,52.09,52.99,439900,0.9273,0.2667,0.5143,1.0,0.8222,1.0,0.0
2023-05-22,52.31,52.82,51.86,52.37,622300,0.9273,0.2667,0.5143,1.0,0.8222,1.0,0.0
2023-05-23,52.31,52.65,51.81,52.2,568800,0.9273,0.2667,0.5143,1.0,0.8222,1.0,0.0
2023-05-24,52.2,52.2,51.69,52.09,342200,0.9273,0.2667,0.619,1.0,0.8222,1.0,0.0
2023-05-25,52.09,52.88,51.41,52.43,606600,0.9273,0.2667,0.619,1.0,0.8222,1.0,0.0
2023-05-26,52.43,52.59,51.75,51.75,283700,0.9273,0.2667,0.619,1.0,0.8222,1.0,0.0
2023-05-29,51.75,53.44,51.75,52.37,590500,0.9273,0.2667,0.619,1.0,0.8222,1.0,0.0
2023-05-30,52.37,53.33,51.98,53.16,564500,0.9273,0.2667,0.619,1.0,0.8222,1.0,0.0
2023-05-31,52.82,52.93,52.37,52.88,380100,0.9455,0.2667,0.7143,1.0,0.8311,1.0,0.0
2023-06-01,53.21,53.21,52.43,52.82,646300,0.9455,0.2667,0.7143,1.0,0.8311,1.0,0.0
2023-06-02,52.82,53.44,52.48,53.38,737800,0.7697,0.2667,0.7143,1.0,0.8874,1.0,0.0
2023-06-05,53.55,55.52,53.55,55.13,1297800,0.8002,0.6333,0.7714,1.0,0.9156,1.0,0.0
2023-06-06,55.13,55.69,54.28,55.69,759500,0.7136,0.7556,0.7436,1.0,0.8524,1.0,0.0
2023-06-07,55.69,55.69,54.56,54.56,749600,0.6563,0.7556,0.7652,1.0,0.86,1.0,0.0
2023-06-08,54.56,57.21,54.56,56.25,1339400,0.6563,0.7556,0.7652,1.0,0.86,1.0,0.0
2023-06-09,56.25,57.38,55.69,56.53,820200,0.6563,0.7556,0.7652,1.0,0.86,1.0,0.0
2023-06-12,56.19,57.09,55.18,56.81,435100,0.6563,0.7556,0.9536,1.0,0.86,1.0,0.0
2023-06-13,56.25,57.94,56.08,57.66,838900,0.6563,0.7556,0.9536,1.0,0.86,1.0,0.0
2023-06-14,57.6,58.5,57.09,57.71,840500,0.6563,0.7556,0.9536,1.0,0.86,1.0,0.0
2023-06-15,57.66,58.33,57.15,58.22,912200,0.6563,0.7556,0.7652,1.0,0.86,1.0,0.0
2023-06-16,58.61,59.85,58.05,59.06,1331800,0.6563,0.7556,0.7652,1.0,0.86,1.0,0.0
2023-06-19,58.28,58.56,57.21,57.21,1139900,0.6563,0.7556,0.7652,1.0,0.86,1.0,0.0
2023-06-20,56.87,56.87,56.14,56.19,1781600,0.7136,0.7556,0.7652,1.0,0.86,1.0,1.0
2023-06-21,56.08,56.53,56.08,56.25,1187900,0.7545,0.7556,0.8122,1.0,0.86,1.0,1.0
2023-06-22,57.38,57.38,56.19,56.48,716500,0.7545,0.7556,0.8122,1.0,0.86,1.0,1.0
2023-06-23,56.48,56.48,55.97,56.19,705200,0.7499,1.0,0.8122,1.0,0.86,1.0,1.0
2023-06-26,55.74,56.76,55.74,56.25,807200,0.7499,1.0,0.8122,1.0,0.86,1.0,1.0
2023-06-27,56.25,56.81,56.08,56.25,685900,0.7499,1.0,0.8122,1.0,0.86,1.0,1.0
2023-06-28,56.25,57.49,56.14,56.87,821200,0.7499,1.0,0.8122,1.0,0.86,1.0,1.0
2023-06-29,57.26,57.94,56.87,57.32,640600,0.7499,1.0,0.8122,1.0,0.86,1.0,1.0
2023-06-30,56.87,57.26,56.25,56.25,556600,0.6714,1.0,0.8122,1.0,0.86,1.0,1.0
2023-07-03,56.25,56.7,56.14,56.25,490100,0.6714,1.0,0.8122,1.0,0.86,1.0,1.0
2023-07-04,56.64,57.32,56.19,56.25,682700,0.7058,1.0,0.8435,1.0,0.7813,0.6,1.0
2023-07-05,56.81,57.66,56.42,57.38,953900,0.7385,1.0,0.8435,1.0,0.7813,0.6,1.0
2023-07-06,57.43,57.49,56.53,56.64,1021000,0.7385,1.0,0.8435,1.0,0.7813,0.6,1.0
2023-07-07,56.53,59.06,56.48,59.06,1064800,0.7646,0.8743,0.8658,1.0,0.7606,0.6,1.0
2023-07-10,59.01,59.01,57.54,57.77,915100,0.7133,0.8743,0.8658,1.0,0.6805,0.4667,0.6667
2023-07-11,57.26,59.06,57.26,57.94,887600,0.7133,0.8743,0.8658,1.0,0.6805,0.4667,0.6667
2023-07-12,57.77,58.78,57.77,58.5,742800,0.6846,0.9057,0.8087,1.0,0.654,0.4667,0.6667
2023-07-13,59.06,59.06,58.33,59.01,928300,0.6846,0.9057,0.8087,1.0,0.654,0.4667,0.6667
2023-07-14,59.01,59.06,58.5,59.06,797700,0.7533,0.9057,0.8087,1.0,0.5848,0.4667,0.6667
2023-07-17,59.06,59.06,58.61,58.95,791600,0.7283,0.8743,0.7768,1.0,0.481,0.4667,0.6667
2023-07-18,59.01,59.06,58.67,58.67,590000,0.7638,0.8114,0.76,1.0,0.4413,0.2,0.6667
2023-07-19,58.84,60.24,58.84,59.91,926200,0.7638,0.8114,0.76,1.0,0.4413,0.2,0.6667
2023-07-20,59.34,59.85,58.28,59.06,771600,0.7638,0.8114,0.76,1.0,0.4413,0.2,0.6667
2023-07-21,59.06,59.06,58.5,59.06,663400,0.7638,0.8114,0.76,1.0,0.4413,0.2,0.6667
2023-07-24,59.12,59.29,58.78,58.84,808500,0.7638,0.8114,0.76,1.0,0.4413,0.2,0.6667
2023-07-25,60.03,61.43,59.97,60.9,2374800,0.7638,0.8114,0.76,1.0,0.4413,0.2,0.6667
2023-07-26,61.03,62.03,61.03,62.03,1146400,0.7638,0.8114,0.76,1.0,0.4413,0.2,0.6667
2023-07-27,62.22,62.22,61.43,61.56,957200,0.7638,0.8114,0.9,1.0,0.4413,0.2,0.6667
2023-07-28,61.56,61.76,60.96,61.76,1116900,0.7161,0.8114,0.9,1.0,0.4413,0.2,0.6667
2023-07-31,61.76,61.89,60.83,60.83,1468300,0.7161,0.8114,0.9,1.0,0.4413,0.2,0.6667
2023-08-01,60.83,61.63,60.56,60.56,1281600,0.6755,0.8114,0.9,1.0,0.4413,0.2,0.3333
2023-08-02,60.56,60.76,60.43,60.76,1055800,0.6214,0.8114,0.8667,1.0,0.4413,0.2,0.3333
2023-08-03,60.76,60.76,60.1,60.17,837900,0.6214,0.8114,0.8667,1.0,0.4413,0.2,0.3333
2023-08-04,60.23,60.5,59.83,59.83,1231600,0.6214,0.8114,0.8667,1.0,0.4413,0.2,0.3333
2023-08-07,59.83,60.3,59.77,60.3,1111700,0.6214,0.8114,0.8667,1.0,0.4413,0.2,0.3333
2023-08-08,60.3,60.56,59.83,60.23,823400,0.6214,0.8114,0.8667,1.0,0.4413,0.2,0.3333
2023-08-09,60.23,60.37,59.83,59.9,591600,0.6214,0.8114,0.8667,1.0,0.4413,0.2,0.3333
2023-08-10,60.1,60.1,58.77,58.77,1336100,0.6214,0.8114,0.8667,1.0,0.4413,0.2,0.3333
2023-08-11,58.77,60.03,58.77,60.03,920800,0.7057,0.8114,0.8667,1.0,0.4413,0.2,0.3333
2023-08-14,59.97,59.97,59.1,59.1,1471800,0.7057,0.8114,0.8667,1.0,0.4413,0.2,0.3333
2023-08-15,59.77,59.77,58.77,59.04,1148500,0.6455,0.8114,0.8,1.0,0.4286,0.2,0.3333
2023-08-16,58.97,59.37,58.9,59.24,727300,0.4543,0.8114,0.76,1.0,0.3524,0.2,0.3333
2023-08-17,59.24,59.63,58.84,59.37,2145100,0.5634,0.8114,0.82,1.0,0.3524,0.2,0.3333
2023-08-18,59.63,59.97,59.1,59.44,2430400,0.4543,1.0,0.76,1.0,0.2,0.2,0.3333
2023-08-21,59.57,59.9,59.24,59.63,1710900,0.539,1.0,0.76,1.0,0.2,0.0,0.0
2023-08-22,59.44,59.57,58.31,58.7,1825000,0.539,1.0,0.76,1.0,0.2,0.0,0.0
2023-08-23,59.04,59.04,57.18,57.31,1754800,0.539,0.0,0.84,1.0,0.2,0.0,0.0
2023-08-24,57.31,58.57,57.11,57.78,902800,0.539,0.0,0.84,1.0,0.2,0.0,0.0
2023-08-25,57.24,57.78,57.11,57.24,1404600,0.539,0.0,0.84,1.0,0.2,-1.0,0.0
2023-08-28,57.38,58.11,57.24,57.78,1378300,0.539,0.0,0.84,1.0,0.2,-1.0,0.0
2023-08-29,57.78,58.77,57.71,58.7,1391900,0.539,0.0,0.84,1.0,0.2,-1.0,0.0
2023-08-30,58.77,59.44,58.77,59.17,1350000,0.539,0.0,0.84,1.0,0.2,-1.0,0.0
2023-08-31,59.17,59.5,58.64,59.17,1531200,0.539,0.0,0.84,1.0,0.2,-1.0,0.0
2023-09-05,59.17,60.23,59.17,59.83,1942200,0.539,0.0,0.84,1.0,0.2,-1.0,0.0
2023-09-06,59.9,59.9,59.57,59.9,2017600,0.6543,0.0,0.8933,1.0,0.2,-1.0,0.0
2023-09-07,59.77,60.3,59.44,59.44,1765300,0.6543,0.0,0.8933,1.0,0.2,-1.0,0.0
2023-09-08,59.44,59.44,59.17,59.44,1341900,0.6543,0.0,0.8933,1.0,0.2,-1.0,0.0
2023-09-11,59.5,59.77,58.44,58.77,1649500,0.5634,0.0,0.8933,1.0,0.2,-1.0,0.0
2023-09-12,59.1,59.77,59.04,59.7,1572100,0.6088,0.0,0.8933,1.0,0.2,-1.0,0.0
2023-09-13,59.77,59.77,59.04,59.17,1582000,0.6088,0.0,0.8933,1.0,0.2,-1.0,0.0
2023-09-14,59.1,59.44,58.51,59.17,1512600,0.6088,0.0,0.8933,1.0,0.2,-1.0,0.0
2023-09-15,59.04,59.63,58.84,59.63,2142400,0.6088,0.0,0.8933,1.0,0.2,-1.0,0.0
2023-09-18,59.44,59.57,58.64,58.97,718100,0.6088,0.0,0.8933,1.0,0.2,-1.0,0.0
2023-09-19,58.97,59.24,57.11,58.51,1117200,0.6871,0.0,0.8933,1.0,0.2,-1.0,0.0
2023-09-20,58.51,58.7,57.38,58.44,786000,0.6871,0.0,0.8933,1.0,0.2,-1.0,0.0
2023-09-21,58.44,58.44,57.64,57.78,1066900,0.6871,0.0,0.8933,1.0,0.2,-1.0,0.0
2023-09-22,57.38,59.44,57.11,59.3,2408600,0.6871,0.0,0.8933,1.0,0.2,-1.0,0.0
2023-09-25,59.1,59.44,58.64,59.3,2210400,0.6871,0.0,0.8933,1.0,0.2,-1.0,0.0
2023-09-26,59.24,59.37,57.71,57.78,1663200,0.6871,0.0,0.72,1.0,0.2,-1.0,0.0
2023-09-27,58.17,59.1,57.78,58.31,1204900,0.6871,0.0,0.72,1.0,0.2,-1.0,0.0
2023-09-28,57.91,58.64,57.51,58.44,1065100,0.6871,0.0,0.72,1.0,0.2,-1.0,0.0
2023-09-29,58.64,58.64,57.84,58.11,449300,0.8,0.0,0.7333,1.0,0.0,-1.0,0.0
2023-10-02,57.84,57.91,57.44,57.44,765700,0.7333,0.0,0.6,1.0,0.0,-1.0,0.0
2023-10-03,57.44,57.58,56.98,57.31,882600,0.7333,0.0,0.7333,1.0,0.0,-1.0,0.0
2023-10-04,57.31,57.31,56.65,57.31,923800,0.7333,0.0,0.7333,1.0,0.0,-1.0,0.0
2023-10-05,57.11,57.11,56.12,56.12,890000,0.8,0.7714,0.7333,1.0,0.0,0.0,0.0
2023-10-06,56.12,56.71,55.45,56.71,800900,0.8,0.7714,0.7333,1.0,0.0,0.0,0.0
2023-10-09,56.71,56.71,55.78,56.18,1096100,0.8,0.7714,0.7333,1.0,0.0,0.0,0.0
2023-10-10,56.18,57.24,56.18,57.18,734100,0.8,0.7714,0.7333,1.0,0.0,1.0,0.0
2023-10-11,57.24,57.44,56.91,57.44,719400,0.8,0.7714,0.7333,1.0,0.0,1.0,0.0
2023-10-12,57.71,57.71,56.78,57.11,714100,0.8,0.7714,0.7333,1.0,0.0,1.0,0.0
2023-10-13,57.11,57.51,56.78,57.51,663100,0.8,0.7714,0.7333,1.0,0.0,1.0,0.0
2023-10-16,56.85,57.51,56.85,57.18,332300,0.8,0.7714,0.7333,1.0,0.0,1.0,0.0
2023-10-17,57.18,57.44,56.78,57.04,363400,0.8,0.7714,0.7333,1.0,0.0,1.0,0.0
2023-10-18,56.78,57.11,56.45,57.04,1147400,0.7333,0.7714,0.6,1.0,0.0,1.0,0.0
2023-10-19,56.78,57.11,55.85,56.12,1363600,0.7333,0.7714,0.4667,1.0,0.0,1.0,0.0
2023-10-20,55.45,56.65,54.92,56.31,938400,0.7333,0.7714,0.4667,1.0,0.0,1.0,0.0
2023-10-23,56.12,56.12,54.79,56.12,966600,1.0,0.7714,0.4667,1.0,0.0,1.0,0.0
2023-10-24,56.12,57.44,55.72,57.11,994000,1.0,0.7714,0.4667,1.0,0.0,1.0,0.0
2023-10-25,56.51,56.98,56.18,56.98,660100,1.0,0.7714,0.4667,1.0,0.0,1.0,0.0
2023-10-26,56.45,57.11,55.45,56.12,1420300,1.0,0.7714,0.4667,1.0,0.0,1.0,0.0
2023-10-27,56.18,56.45,55.65,56.45,773400,1.0,0.7714,0.4667,1.0,0.0,1.0,0.0
2023-10-30,55.45,57.11,55.45,57.04,592900,0.7796,0.7714,0.6,1.0,0.52,1.0,0.0
2023-10-31,57.04,57.71,56.38,57.64,1345300,0.6694,0.7714,0.6,1.0,0.52,1.0,0.0
2023-11-01,57.64,58.31,57.18,58.31,1479100,0.6694,0.7714,0.6,1.0,0.52,1.0,0.0
2023-11-02,58.44,59.1,57.51,59.1,1057500,0.6694,0.7714,0.6,1.0,0.52,1.0,0.0
2023-11-03,59.1,59.37,58.51,59.04,1086600,0.6694,0.7714,0.6,1.0,0.52,1.0,0.0
2023-11-06,59.04,59.63,58.77,59.44,774800,0.6694,0.7714,0.52,1.0,0.52,1.0,0.0
2023-11-07,59.1,59.3,58.64,58.64,413900,0.6694,0.7714,0.6,1.0,0.52,1.0,0.0
2023-11-08,58.44,59.57,58.37,59.44,1270300,0.6694,0.7714,0.6,1.0,0.52,1.0,0.0
2023-11-09,59.44,59.44,58.37,58.37,1166800,0.6694,0.7714,0.6,1.0,0.52,1.0,0.0
2023-11-10,57.84,58.11,57.11,57.11,1352000,0.6694,0.7714,0.6,1.0,0.52,1.0,0.0
2023-11-13,57.11,57.18,56.71,56.78,937700,0.6694,0.7714,0.6,1.0,0.52,1.0,0.0
2023-11-14,57.11,57.44,56.71,57.11,987500,0.6694,0.7714,0.4667,1.0,0.52,1.0,0.0
2023-11-15,57.44,58.24,57.44,58.24,4067800,0.6694,0.7714,0.4667,1.0,0.52,1.0,0.0
2023-11-16,57.78,58.44,57.58,58.44,1284800,0.3388,0.0,0.4667,1.0,0.52,0.0,0.0
2023-11-17,58.31,58.37,56.78,56.85,1588000,0.3388,0.0,0.4667,1.0,0.52,0.0,0.0
2023-11-20,56.85,57.78,56.45,57.18,1098400,0.3388,0.0,0.4667,1.0,0.52,0.0,0.0
2023-11-21,57.18,57.58,56.98,57.51,1151400,0.3388,0.0,0.4667,1.0,0.52,0.0,0.0
2023-11-22,57.31,57.58,56.78,57.58,1012700,0.3388,0.0,0.4667,1.0,0.52,0.0,0.0
2023-11-23,57.58,57.64,56.78,56.78,647200,0.3388,0.0,0.375,1.0,0.52,0.2,0.0
2023-11-24,56.78,57.11,56.45,57.11,734500,0.3388,0.0,0.375,1.0,0.52,0.2,0.0
2023-11-27,57.11,57.11,56.51,56.98,443000,0.3388,0.0,0.375,1.0,0.52,0.2,0.0
2023-11-28,56.78,57.04,56.31,56.98,779400,0.3388,0.0,0.375,1.0,0.52,0.2,0.0
2023-11-29,56.71,57.04,56.51,56.51,733100,0.3388,0.0,0.375,1.0,0.52,0.2,0.0
2023-11-30,56.51,56.71,56.25,56.25,927600,0.3388,0.0,0.4333,1.0,0.52,0.6,0.0
2023-12-01,56.38,56.45,55.85,56.45,714700,0.3388,0.0,0.4333,1.0,0.52,0.6,0.0
2023-12-04,56.71,57.24,56.31,57.11,888100,0.3388,0.0,0.4333,1.0,0.52,0.6,0.0
2023-12-05,57.11,57.18,56.31,56.71,992800,0.3388,0.0,0.4333,1.0,0.52,0.6,0.0
2023-12-06,56.65,57.11,56.45,57.04,638000,0.3388,0.0,0.4333,1.0,0.52,0.6,0.0
2023-12-07,56.91,57.11,56.45,56.58,992300,0.3388,0.0,0.4333,1.0,0.52,0.6,0.0
2023-12-08,56.58,56.78,56.45,56.45,1183000,0.1194,0.0,0.475,1.0,0.52,0.6,0.0
2023-12-11,56.45,56.65,55.85,55.92,1400000,-0.1,0.0,0.3,1.0,0.0,0.6,0.0
2023-12-12,56.25,56.25,55.78,55.92,1006400,-0.1,0.0,0.3,1.0,0.0,0.6,0.0
2023-12-13,55.92,56.12,55.58,55.58,1152900,-0.1,0.0,0.3,1.0,0.0,0.6,0.0
2023-12-14,55.78,56.12,55.78,56.05,840600,-0.1,0.0,0.3,1.0,0.0,0.6,0.0
2023-12-15,55.78,56.05,54.59,54.59,2530300,-0.1,0.0,0.3,1.0,0.0,0.6,0.0
2023-12-18,54.99,55.05,54.12,54.12,1804000,-0.1,0.0,0.35,1.0,0.0,0.6,0.0
2023-12-19,54.12,54.12,53.19,53.92,1961300,-0.1,0.0,0.35,1.0,0.0,0.6,0.0
2023-12-20,53.92,53.99,53.46,53.86,1872300,-0.1,0.0,0.35,1.0,0.0,0.6,0.0
2023-12-21,53.79,53.79,53.33,53.72,2030300,-0.1,0.0,0.35,1.0,0.0,0.6,0.0
2023-12-22,53.72,53.86,53.39,53.72,1579800,-0.1,0.0,0.35,1.0,0.0,0.6,0.0
2023-12-25,53.72,54.32,53.59,54.32,1301600,-0.1,0.0,0.35,1.0,0.0,0.6,0.0
2023-12-26,54.45,54.99,54.45,54.99,971200,-0.1,0.0,0.35,1.0,0.0,0.6,0.0
2023-12-27,55.05,55.25,54.79,54.92,899600,-0.1,0.0,0.35,1.0,0.0,0.6,0.0
2023-12-28,54.92,55.19,54.72,54.99,703200,-0.1,0.0,0.3889,1.0,0.0,0.6,0.0
2023-12-29,55.45,55.72,53.33,53.33,1621700,-0.1,0.0,0.3889,1.0,0.0,0.6,0.0
2024-01-02,55.05,55.52,54.59,55.45,1785800,-0.1,0.0,0.3417,1.0,0.0,0.6,0.0
2024-01-03,55.45,56.12,54.99,56.12,1373000,-0.1,0.0,0.3417,1.0,0.0,0.6,0.0
2024-01-04,56.12,57.24,55.78,57.04,2657900,-0.1,0.0,0.3417,1.0,0.0,0.6,0.0
2024-01-05,57.04,57.24,56.91,57.24,1180300,-0.1,0.0,0.4917,1.0,0.0,1.0,0.0
2024-01-08,57.31,57.64,57.31,57.64,1607800,-0.1,0.0,0.4917,1.0,0.0,1.0,0.0
2024-01-09,57.64,58.37,57.64,58.31,1926400,-0.1,0.0,0.4917,1.0,0.0,1.0,0.0
2024-01-10,58.31,59.44,57.91,59.44,1795400,-0.1,0.0,0.4917,1.0,0.0,1.0,0.0
2024-01-11,59.44,59.77,58.84,59.3,1489100,-0.1,0.0,0.4917,1.0,0.0,1.0,0.0
2024-01-12,58.51,59.44,58.04,58.9,1909500,-0.1,0.0,0.4917,1.0,0.0,0.0,0.0
2024-01-15,59.1,59.83,59.04,59.77,1914200,-0.1,0.0,0.4917,1.0,0.0,0.0,0.0
2024-01-16,59.1,59.83,59.04,59.77,1367200,-0.1,0.0,0.4917,1.0,0.0,0.0,0.0
2024-01-17,59.1,60.43,59.1,60.37,1578200,-0.1,0.0,0.4917,1.0,0.0,0.0,0.0
2024-01-18,60.37,60.56,59.77,60.5,1422900,-0.1,0.0,0.4917,1.0,0.0,0.0,0.0
2024-01-19,60.43,61.76,60.03,61.49,1472600,0.45,1.0,0.5933,1.0,0.5294,0.0,0.0
2024-01-22,62.09,62.09,61.1,61.1,1046300,1.0,1.0,0.5917,1.0,0.5294,0.0,0.0
2024-01-23,61.16,61.36,60.03,60.76,1256900,1.0,1.0,0.5917,1.0,0.5294,0.0,0.0
2024-01-24,60.83,61.1,60.37,60.5,744700,1.0,1.0,0.5917,1.0,0.5294,0.0,0.0
2024-01-25,60.5,60.83,60.23,60.43,503300,1.0,1.0,0.5917,1.0,0.5294,0.0,0.0
2024-01-26,60.83,61.1,60.7,61.1,953100,1.0,1.0,0.5917,1.0,0.5294,0.0,0.0
2024-01-29,60.96,61.1,60.37,60.56,730500,1.0,1.0,0.5917,1.0,0.5294,0.0,0.0
2024-01-30,60.56,60.56,59.83,60.43,888600,1.0,1.0,0.5917,1.0,0.5294,0.0,0.0
2024-01-31,60.17,60.17,58.77,58.77,945600,0.6871,1.0,0.5667,1.0,0.5294,0.0,0.0
2024-02-01,58.44,59.9,58.44,59.63,598100,0.6871,1.0,0.5667,1.0,0.5294,0.0,0.0
2024-02-02,59.17,60.1,59.17,59.97,733000,0.6871,1.0,0.5667,1.0,0.5294,0.0,0.0
2024-02-05,59.9,60.17,59.37,59.77,1949000,0.6871,1.0,0.5667,1.0,0.5294,0.0,0.0
2024-02-06,59.97,60.17,59.17,59.44,1352300,0.6871,1.0,0.5667,1.0,0.5294,0.0,0.0
2024-02-07,59.77,60.3,59.3,59.77,1371400,0.6871,1.0,0.5667,1.0,0.5294,0.0,0.0
2024-02-15,59.77,60.23,59.17,59.7,1046700,0.6871,1.0,0.5667,1.0,0.5294,0.0,0.0
2024-02-16,59.7,59.9,59.44,59.5,734100,0.6871,1.0,0.5917,1.0,0.5294,0.0,0.0
2024-02-19,59.7,60.1,59.3,59.9,1045300,0.6871,1.0,0.5917,1.0,0.5294,0.0,0.0
2024-02-20,59.83,60.7,59.37,60.63,1404300,0.6871,1.0,0.7222,1.0,0.5294,0.0,0.0
2024-02-21,60.9,60.9,60.1,60.56,1367400,0.6871,1.0,0.7222,0.0,0.5294,0.0,0.0
2024-02-22,60.17,60.43,59.44,59.44,1223900,0.6871,1.0,0.7222,0.0,0.5294,0.0,0.0
2024-02-23,59.44,60.7,59.04,59.04,1800900,0.6871,1.0,0.7333,0.0,0.5294,0.0,0.0
2024-02-26,59.04,59.77,59.04,59.44,722000,0.6871,1.0,0.7333,0.0,0.5294,0.0,0.0
2024-02-27,59.5,60.56,59.17,60.5,1604900,0.6871,1.0,0.7333,0.0,0.5294,0.0,0.0
2024-02-28,60.43,64.68,60.03,64.68,4219900,0.7443,0.9879,0.5556,0.0,0.5247,0.2,0.0
2024-02-29,65.41,66.74,64.62,64.62,1897000,0.7597,0.9319,0.5333,0.0,0.5247,0.2,0.0
2024-03-01,65.21,65.21,63.02,64.62,2379600,0.7597,0.9319,0.5333,0.0,0.5247,0.2,0.0
2024-03-04,65.08,65.08,63.49,63.75,1640400,0.7597,0.9319,0.5333,0.0,0.5247,0.2,0.0
2024-03-05,64.15,64.15,63.22,63.42,1364800,0.7597,0.9319,0.5333,0.0,0.5247,0.2,0.0
2024-03-06,63.42,64.28,63.15,63.49,2070600,0.7597,0.9319,0.5333,0.0,0.5247,0.2,0.0
2024-03-07,63.69,64.68,63.42,63.62,2362300,0.7597,0.9319,0.5333,0.0,0.5247,0.2,0.0
2024-03-08,63.69,64.08,63.15,63.15,2229600,0.6795,0.8979,0.3778,0.0,0.52,0.2,0.0
2024-03-11,63.15,63.75,62.49,62.49,1840000,0.6795,0.8979,0.3778,0.0,0.52,0.2,0.0
2024-03-12,62.49,63.02,62.42,62.69,1107000,0.6795,0.8979,0.3778,0.0,0.52,0.2,0.0
2024-03-13,63.02,64.08,62.62,63.75,3124500,0.2597,0.9182,0.3778,0.0,0.52,0.2,0.0
2024-03-14,63.75,63.82,62.82,63.09,2319300,0.2597,0.9182,0.3778,0.0,0.52,0.2,0.0
2024-03-15,63.09,63.09,62.36,62.42,2302500,0.2597,0.9182,0.3778,0.0,0.52,0.2,0.0
2024-03-18,62.62,62.76,61.43,61.76,1839300,0.2597,0.9182,0.3778,0.0,0.52,0.2,0.0
2024-03-19,61.43,62.09,61.43,61.43,868500,0.2597,0.9182,0.3778,0.0,0.52,0.2,0.0
2024-03-20,61.43,62.49,61.43,61.89,897700,0.2215,0.9182,0.3333,0.0,0.52,0.2,0.0
2024-03-21,62.42,63.42,62.42,63.22,1452700,0.2215,0.9182,0.3333,0.0,0.52,0.2,0.0
2024-03-22,63.22,64.28,63.22,64.02,1844100,0.3573,0.7504,0.5556,0.0,0.06,0.2,0.0
2024-03-25,63.09,64.35,62.49,63.55,1368800,0.3573,0.7504,0.5556,0.0,0.06,0.2,0.0
2024-03-26,63.75,64.15,63.62,63.95,735400,0.3573,0.7504,0.5556,0.0,0.06,0.2,0.0
2024-03-27,63.88,63.88,63.49,63.62,1046200,0.3573,0.7504,0.5556,0.0,0.06,0.2,0.0
2024-03-28,63.88,64.02,63.49,63.55,1232800,0.3573,0.7504,0.5556,0.0,0.06,0.2,0.0
2024-03-29,63.69,63.69,63.02,63.02,801200,0.3573,0.7504,0.5556,0.0,0.06,0.2,0.0
2024-04-01,63.02,63.75,62.89,63.22,1221000,0.3573,0.7504,0.5556,0.0,0.06,0.2,0.0
2024-04-02,63.15,63.22,62.36,62.76,969000,0.3573,0.7504,0.5556,0.0,0.06,0.2,0.0
2024-04-03,62.69,62.96,62.29,62.29,1321100,0.3573,0.7504,0.5556,0.0,0.06,0.2,0.0
2024-04-04,63.02,63.75,62.69,63.75,2022700,0.3573,0.7504,0.5556,0.0,0.06,0.2,0.0
2024-04-05,62.96,63.49,62.56,63.02,779200,0.3573,0.7504,0.5556,0.0,0.06,0.2,0.0
2024-04-08,63.02,63.29,62.56,63.02,864100,0.3573,0.7504,0.5556,0.0,0.06,0.2,0.0
2024-04-09,63.09,63.35,62.56,62.62,686800,0.3573,0.7504,0.5556,0.0,0.06,0.2,0.0
2024-04-10,62.62,62.82,62.49,62.76,737400,0.1901,0.6753,0.7333,0.0,-0.4,0.0,0.0
2024-04-11,62.42,62.82,62.09,62.42,778000,-0.1176,0.603,1.0,0.0,-0.4,0.0,0.0
2024-04-12,62.76,63.42,62.29,62.82,844800,-0.1176,0.603,1.0,0.0,-0.4,0.0,0.0
2024-04-15,62.82,64.08,61.1,61.1,1900300,-0.1176,0.603,1.0,0.0,-0.4,0.0,0.0
2024-04-16,62.29,62.29,60.1,60.43,1857700,-0.1176,0.603,1.0,0.0,-0.4,0.0,0.0
2024-04-17,60.56,61.16,59.44,60.1,1452600,-0.1176,0.603,1.0,0.0,-0.4,0.0,0.0
2024-04-19,59.77,60.37,59.57,60.1,1324800,-0.1176,0.603,1.0,0.0,-0.4,0.0,0.0
2024-04-22,60.1,60.7,59.9,60.17,999100,-0.1176,0.603,1.0,0.0,-0.4,0.0,0.0
2024-04-23,60.17,60.56,59.24,59.83,1562900,-0.1176,0.603,1.0,0.0,-0.4,0.0,0.0
2024-04-24,60.43,60.5,59.83,60.17,1925200,-0.1176,0.603,1.0,0.0,-0.4,0.0,0.0
2024-04-25,60.17,61.69,60.1,60.43,1235700,0.7647,0.2471,1.0,0.0,-0.4,0.6,1.0
2024-04-26,60.9,61.96,60.56,60.56,1698300,0.7647,0.2471,1.0,0.0,-0.4,0.6,1.0
2024-05-02,61.16,61.43,60.5,61.03,932400,0.7647,0.2471,1.0,0.0,-0.4,0.6,1.0
2024-05-03,61.36,62.03,60.96,61.43,1470700,0.7647,0.2471,1.0,0.0,-0.4,0.6,1.0
2024-05-06,61.69,61.96,61.56,61.76,1147200,0.7647,0.2471,1.0,0.0,-0.4,0.6,1.0
2024-05-07,62.03,62.49,61.69,61.69,1154200,0.7647,0.2471,1.0,0.0,-0.4,0.6,1.0
2024-05-08,61.56,61.89,61.16,61.76,1246000,0.7647,0.2471,1.0,0.0,-0.4,0.6,1.0
2024-05-09,61.69,62.03,61.29,61.43,606600,0.0,0.0,1.0,0.0,0.0,0.6,1.0
2024-05-10,61.56,61.56,60.9,61.1,823400,0.0,0.0,1.0,0.0,0.0,0.6,1.0
2024-05-13,61.16,61.36,60.1,60.43,1232600,0.0,0.0,1.0,0.0,0.0,0.6,1.0
2024-05-14,60.5,60.83,60.1,60.17,818400,0.0,0.0,1.0,0.0,0.0,0.6,1.0
2024-05-15,60.43,60.63,60.3,60.43,883100,0.0,0.0,1.0,0.0,0.0,0.6,1.0
2024-05-16,61.1,61.56,60.76,61.49,1713900,0.0,0.0,1.0,0.0,0.0,0.6,1.0
2024-05-17,61.49,61.49,60.9,60.96,1084700,0.0,0.0,1.0,0.0,0.0,0.6,1.0
2024-05-20,61.29,61.76,60.96,61.03,1043800,0.0,0.0,1.0,0.0,0.0,0.6,1.0
2024-05-21,61.03,61.1,60.23,60.5,1486400,0.0,0.0,1.0,0.0,0.0,0.6,1.0
2024-05-22,60.76,60.9,60.23,60.23,1347700,0.0,0.0,1.0,0.0,0.0,0.6,1.0
2024-05-23,60.23,60.76,60.1,60.43,1317500,0.0,0.0,1.0,0.0,0.0,0.6,1.0
2024-05-24,60.43,60.43,59.77,59.9,2241500,0.0,0.0,1.0,0.0,0.0,0.6,1.0
2024-05-27,60.03,60.17,59.57,59.9,1058500,0.0,0.0,1.0,0.0,0.0,0.6,1.0
2024-05-28,59.63,60.23,59.63,60.23,1350100,0.0,0.0,1.0,0.0,0.0,0.6,1.0
2024-05-29,60.3,60.43,59.63,59.63,1186300,0.0,0.0,1.0,0.0,0.0,0.6,1.0
2024-05-30,59.44,59.57,58.77,58.84,2356000,0.0,0.0,1.0,0.0,0.0,0.6,1.0
2024-05-31,58.9,59.1,57.91,57.91,3921500,0.0,0.0,1.0,0.0,0.0,0.6,1.0
2024-06-03,58.44,59.3,58.44,58.57,2108600,0.0,0.0,1.0,0.0,0.0,0.6,1.0
2024-06-04,59.04,59.24,58.64,58.9,1814600,0.0,0.0,1.0,0.0,0.0,0.6,1.0
2024-06-05,58.9,59.44,58.84,58.97,1882800,0.0,0.0,1.0,0.0,0.0,0.6,1.0
2024-06-06,59.04,59.57,58.97,59.1,1699700,0.0,0.0,1.0,0.0,0.0,0.6,1.0
2024-06-07,59.17,59.57,58.77,58.77,1129500,0.0,0.0,1.0,0.0,0.0,0.6,1.0
2024-06-10,59.04,59.24,58.37,58.44,2641600,0.0,0.0,1.0,0.0,0.0,0.6,1.0
2024-06-11,58.64,58.7,57.84,57.91,2252400,0.0,0.0,1.0,0.0,0.0,0.0,0.0
2024-06-12,58.04,59.24,57.78,58.9,2249800,0.0,0.0,1.0,0.0,0.0,0.0,0.0
2024-06-13,59.04,59.17,58.7,58.7,1600400,0.0,0.0,1.0,0.0,0.0,0.0,0.0
2024-06-14,58.77,59.17,58.11,58.11,2482100,0.0,0.0,1.0,0.0,0.0,0.0,0.0
2024-06-17,58.17,58.31,57.84,57.84,2293700,0.0,0.0,1.0,0.0,0.0,0.0,0.0
2024-06-18,58.11,58.77,57.84,57.84,1370900,0.0,0.0,1.0,1.0,0.0,0.0,0.0
2024-06-19,57.97,58.11,57.44,57.51,2174300,0.0,0.0,1.0,1.0,0.0,0.0,0.0
2024-06-20,57.51,57.51,56.85,57.11,2648800,0.0,0.0,1.0,1.0,0.0,0.0,0.0
2024-06-21,57.18,57.58,56.78,57.11,1808400,0.0,0.0,1.0,1.0,0.0,0.0,0.0
2024-06-24,57.11,58.04,56.78,56.78,2149800,0.0,0.0,1.0,1.0,0.0,0.0,0.0
2024-06-25,56.91,57.58,56.78,56.78,1565900,0.0,0.0,1.0,1.0,0.0,0.0,0.0
2024-06-26,57.04,57.31,56.58,56.58,1706900,0.0,0.0,1.0,1.0,0.0,0.0,0.0
2024-06-27,56.58,57.11,56.58,56.58,1423000,0.0,0.0,1.0,1.0,0.0,0.0,0.0
2024-06-28,57.11,57.11,56.45,56.58,1112400,0.0,0.0,1.0,1.0,0.0,0.0,0.0
2024-07-01,56.98,57.24,56.58,57.18,1179200,0.4,1.0,0.7333,1.0,0.2,0.2,0.0
2024-07-02,57.58,58.97,57.24,58.57,2425200,0.7,1.0,0.7333,1.0,0.2,0.2,0.0
2024-07-03,58.44,58.9,58.31,58.77,2250700,0.7,1.0,0.7333,1.0,0.2,0.2,0.0
2024-07-04,58.84,59.57,58.44,58.44,3060300,0.7,1.0,0.7333,1.0,0.2,0.2,0.0
2024-07-05,58.51,59.24,58.44,58.44,1847400,0.6,0.7333,0.6698,1.0,0.2,0.2,0.0
2024-07-08,58.44,58.9,57.91,57.91,1143800,0.6,0.7333,0.6698,1.0,0.2,0.2,0.0
2024-07-09,58.11,58.7,57.58,58.51,1549000,0.6,0.7333,0.6698,1.0,0.2,0.2,0.0
2024-07-10,58.64,59.24,58.44,58.84,1722900,0.6,0.7333,0.6698,1.0,0.2,0.2,0.0
2024-07-11,58.84,59.04,58.51,58.51,1445100,0.6,0.7333,0.6698,1.0,0.2,0.2,0.0
2024-07-12,58.57,58.84,58.17,58.17,1373400,0.45,0.7333,0.3274,1.0,0.2,0.4667,0.0
2024-07-15,58.17,58.64,58.11,58.11,1172000,0.352,0.7333,0.236,1.0,-0.1,0.4,0.0
2024-07-16,58.17,58.84,58.17,58.37,1534100,0.352,0.7333,0.236,1.0,-0.1,0.4,1.0
2024-07-17,58.97,59.77,58.11,58.44,3362500,0.352,0.7333,0.236,1.0,-0.1,0.4,1.0
2024-07-18,58.64,58.97,58.37,58.44,1651700,0.352,0.7333,0.236,1.0,-0.1,0.4,1.0
2024-07-19,58.44,58.97,58.11,58.11,1323100,0.352,0.7333,0.236,1.0,-0.1,0.4,1.0
2024-07-22,58.11,58.64,57.97,58.24,1461100,0.352,0.7333,0.236,1.0,-0.1,0.4,1.0
2024-07-23,58.31,58.64,58.11,58.11,1410400,0.352,0.7333,0.045,1.0,-0.1,0.4,1.0
2024-07-24,58.04,58.51,58.04,58.11,1476700,0.352,0.7333,0.045,1.0,-0.1,0.4,1.0
2024-07-25,58.17,58.24,57.91,57.97,881000,0.352,0.7333,0.045,1.0,-0.1,0.4,1.0
2024-07-26,57.97,58.24,57.91,57.97,903300,0.352,0.7333,0.045,1.0,-0.1,0.4,1.0
2024-07-29,58.17,58.31,57.97,57.97,452800,0.352,0.7333,0.045,1.0,-0.1,0.4,1.0
2024-07-30,57.97,58.64,57.97,58.11,977800,0.2378,0.7333,0.236,1.0,0.1778,0.4,1.0
2024-07-31,58.11,59.24,58.11,59.24,1863400,0.2378,0.7333,0.236,1.0,0.1778,0.4,1.0
2024-08-01,59.3,60.7,59.24,60.23,4800600,0.2378,0.7333,0.236,1.0,0.1778,0.4,1.0
2024-08-02,60.03,60.03,58.9,58.9,1511400,0.2378,0.7333,0.3253,1.0,0.1778,0.4,1.0
2024-08-05,58.77,58.77,57.71,57.71,3059700,0.2378,0.7333,0.3253,1.0,0.1778,0.4,1.0
2024-08-06,57.71,58.24,57.58,57.97,1653100,0.2378,0.7333,0.3253,1.0,0.1778,0.4,1.0
2024-08-07,58.04,58.24,57.78,58.24,713000,0.2378,0.7333,0.3253,1.0,0.1778,0.4,1.0
2024-08-08,58.24,58.24,57.91,57.97,961200,0.2378,0.7333,0.3253,1.0,0.1778,0.4,1.0
2024-08-09,58.04,58.64,58.04,58.24,1136700,0.2378,0.7333,0.3253,1.0,0.1778,0.4,1.0
2024-08-12,58.7,58.7,57.97,58.31,1060300,0.2053,0.4667,0.297,1.0,0.1667,0.4667,1.0
2024-08-13,58.17,59.44,58.17,59.44,1592900,0.2053,0.4667,0.4141,1.0,0.1667,0.4667,1.0
2024-08-14,59.3,59.37,58.31,58.44,1492800,0.2053,0.4667,0.4141,1.0,0.1667,0.4667,1.0
2024-08-15,58.44,58.97,58.17,58.17,921000,0.2053,0.4667,0.4141,1.0,0.1667,0.4667,1.0
2024-08-16,58.44,59.04,58.44,58.51,1370400,0.1567,0.0,0.3884,1.0,0.1667,0.6,1.0
2024-08-19,58.97,59.3,58.64,58.97,1655200,0.1567,0.0,0.3884,1.0,0.1667,0.6,1.0
2024-08-20,59.04,60.3,59.04,60.3,3384300,0.1567,0.0,0.3884,1.0,0.1667,0.6,1.0
2024-08-21,60.3,61.76,60.03,61.63,2745300,0.1567,0.0,0.3884,1.0,0.1667,0.6,1.0
2024-08-22,61.69,61.89,61.16,61.36,1413500,0.1567,0.0,0.4181,1.0,0.1667,0.6,1.0
2024-08-23,61.43,61.63,60.1,61.36,1075500,0.2089,0.0,0.6417,1.0,0.1667,0.2,1.0
2024-08-26,61.16,61.49,60.83,61.1,1565800,0.3333,0.0,0.8345,1.0,0.7333,0.0,1.0
2024-08-27,61.1,61.16,60.37,60.76,900600,0.3333,0.0,0.8345,1.0,0.7333,0.0,0.0
2024-08-28,60.9,61.03,60.5,60.5,1031600,0.3333,0.0,0.8345,1.0,0.7333,0.0,0.0
2024-08-29,60.43,61.36,60.43,60.76,1496300,0.3333,0.0,0.8345,1.0,0.7333,0.0,0.0
2024-08-30,60.76,61.29,60.76,60.9,1669800,0.3333,0.0,0.8345,1.0,0.7333,0.0,0.0
2024-09-04,60.5,60.5,59.97,60.43,1012700,0.3333,0.0,0.8345,1.0,0.7333,0.0,0.0
2024-09-05,60.17,60.5,59.83,59.83,1184100,0.3333,0.0,0.8345,1.0,0.7333,0.0,0.0
2024-09-06,59.9,60.3,59.63,59.9,784800,0.3333,0.0,0.8345,1.0,0.7333,0.0,0.0
2024-09-09,59.83,59.9,59.24,59.9,702800,0.3333,0.0,0.8345,1.0,0.7333,0.0,0.0
2024-09-10,59.83,59.9,59.1,59.1,1192200,0.3333,0.0,0.8345,1.0,0.7333,0.0,0.0
2024-09-11,58.84,59.1,58.44,58.7,1027300,0.3333,0.0,0.8345,1.0,0.7333,0.0,0.0
2024-09-12,58.77,59.83,58.7,59.44,1609600,1.0,0.0,0.7794,1.0,0.0,0.0,0.0
2024-09-13,59.63,59.9,59.17,59.7,1624800,1.0,0.0,0.7794,1.0,0.0,0.0,0.0
2024-09-16,59.5,59.77,58.97,59.04,727700,1.0,0.0,0.7794,1.0,0.0,0.0,0.0
2024-09-17,59.1,60.1,58.84,60.1,970800,0.96,1.0,0.7833,1.0,0.85,0.0,0.0
2024-09-18,60.17,61.03,59.57,60.43,1721200,0.8548,1.0,0.6987,1.0,0.85,1.0,0.0
2024-09-19,60.43,60.9,60.37,60.76,1345500,0.8548,1.0,0.6987,1.0,0.85,1.0,0.0
2024-09-20,60.96,61.1,60.17,60.17,2180400,0.8548,1.0,0.6987,1.0,0.85,1.0,0.0
2024-09-23,60.63,60.83,60.37,60.37,696500,0.8548,1.0,0.6987,1.0,0.85,1.0,0.0
2024-09-24,60.37,60.76,60.37,60.56,522400,0.8556,1.0,0.774,1.0,0.605,1.0,0.0
2024-09-25,60.76,61.76,60.56,61.63,2602400,0.8845,1.0,0.774,1.0,0.707,1.0,0.0
2024-09-26,61.69,62.29,61.43,61.43,1816800,0.8556,1.0,0.6987,0.0,0.707,1.0,0.0
2024-09-27,61.43,62.16,61.43,61.43,1070900,0.8556,1.0,0.6987,0.0,0.707,1.0,0.0
2024-09-30,61.43,61.43,61.1,61.1,1276900,0.8556,1.0,0.6987,0.0,0.707,1.0,0.0
2024-10-01,61.29,62.03,61.1,61.1,1724400,0.8556,1.0,0.6987,0.0,0.707,1.0,0.0
2024-10-02,61.29,61.56,60.96,61.56,1378900,0.8556,1.0,0.6987,0.0,0.707,1.0,0.0
2024-10-03,61.49,62.36,61.36,61.49,1699200,0.8556,1.0,0.6987,0.0,0.707,1.0,0.0
2024-10-04,61.43,61.63,61.29,61.29,859700,0.8556,1.0,0.6987,0.0,0.707,1.0,0.0
2024-10-07,61.29,61.43,60.96,61.1,610700,0.8556,1.0,0.7647,0.0,0.707,1.0,0.0
2024-10-08,61.1,61.1,60.43,60.76,1123100,0.8556,1.0,0.7647,0.0,0.707,1.0,0.0
2024-10-09,60.63,60.96,60.37,60.43,2175700,0.8556,1.0,0.7647,0.0,0.707,1.0,0.0
2024-10-10,61.29,61.76,60.56,61.03,1325200,0.8556,1.0,0.7647,0.0,0.707,1.0,0.0
2024-10-11,61.03,61.03,60.56,60.76,1083500,0.8556,1.0,0.7647,0.0,0.707,1.0,0.0
2024-10-14,61.23,61.23,60.63,60.7,930700,0.8556,1.0,0.7647,0.0,0.707,1.0,0.0
2024-10-15,60.63,61.16,60.63,60.7,1430600,0.8556,1.0,0.7647,0.0,0.707,1.0,0.0
2024-10-16,60.7,60.96,60.63,60.76,1293000,0.8556,1.0,0.7647,0.0,0.707,1.0,0.0
2024-10-17,61.1,61.29,60.9,61.23,1285400,0.8556,1.0,0.7647,0.0,0.707,1.0,0.0
2024-10-18,61.56,61.83,61.1,61.36,1162700,0.8556,1.0,0.7647,0.0,0.707,1.0,0.0
2024-10-21,61.43,61.96,61.1,61.1,1423100,0.8556,1.0,0.7647,0.0,0.707,1.0,0.0
2024-10-22,61.1,61.23,60.7,60.7,1259500,0.8556,1.0,0.7647,0.0,0.707,1.0,0.0
2024-10-23,60.56,60.96,60.56,60.76,749300,0.7725,1.0,0.7098,1.0,0.7136,1.0,0.0
2024-10-24,61.23,61.29,60.7,60.9,755400,0.7725,1.0,0.7098,1.0,0.7136,1.0,0.0
2024-10-25,61.16,61.29,60.9,60.96,996300,0.7725,1.0,0.7098,1.0,0.7136,1.0,0.0
2024-10-28,60.76,61.29,60.76,61.1,1105800,0.7725,1.0,0.7098,1.0,0.7136,1.0,0.0
2024-10-29,61.16,61.49,61.1,61.1,1297600,0.7356,1.0,0.7098,1.0,0.6681,1.0,0.0
2024-10-30,61.1,61.36,60.83,60.9,626500,0.766,1.0,0.8,1.0,0.6681,0.0,0.0
2024-10-31,60.76,63.09,60.76,62.16,2888900,0.766,1.0,0.6381,1.0,0.6681,0.0,0.0
2024-11-01,62.42,63.02,62.09,62.09,1729900,0.766,1.0,0.6381,1.0,0.6681,0.0,0.0
2024-11-04,62.42,63.29,61.36,61.43,1853600,0.766,1.0,0.6381,1.0,0.6681,0.0,0.0
2024-11-05,61.49,61.76,61.1,61.49,1082700,0.72,1.0,0.4571,1.0,0.8222,0.0,0.0
2024-11-06,61.63,62.03,61.63,61.69,1416800,0.44,0.0,0.4571,1.0,0.7333,0.0,0.0
2024-11-07,61.89,62.36,61.89,61.89,1418900,0.44,0.0,0.4571,1.0,0.7333,0.0,0.0
2024-11-08,62.09,62.36,61.23,61.23,1380000,0.44,0.0,0.4571,1.0,0.7333,0.0,0.0
2024-11-11,61.63,61.63,61.03,61.1,1873400,0.44,0.0,0.4571,1.0,0.7333,0.0,0.0
2024-11-12,61.1,61.89,61.03,61.03,1336300,0.44,0.0,0.4571,1.0,0.7333,0.0,0.0
2024-11-13,61.03,61.69,61.03,61.43,1331800,0.44,0.0,0.4571,1.0,0.7333,0.0,0.0
2024-11-14,61.1,61.43,61.03,61.1,1719700,0.44,0.0,0.4571,1.0,0.7333,0.0,0.0
2024-11-15,61.1,61.43,60.83,60.9,1508600,0.44,0.0,0.4571,1.0,0.7333,0.0,0.0
2024-11-18,60.9,61.29,60.37,60.43,1874900,0.44,0.0,0.4571,1.0,0.7333,0.0,0.0
2024-11-19,60.76,60.83,59.77,59.77,1577000,0.44,0.0,0.4571,1.0,0.7333,0.0,0.0
2024-11-20,59.77,60.56,59.7,59.97,1640700,0.44,0.0,0.4571,1.0,0.7333,0.0,0.0
2024-11-21,60.03,60.63,59.9,60.1,1461100,0.44,0.0,0.4571,1.0,0.7333,0.0,0.0
2024-11-22,60.43,60.63,60.17,60.17,1729700,0.44,0.0,0.4571,1.0,0.7333,0.0,0.0
2024-11-25,60.37,61.23,60.37,60.63,1814000,0.44,0.0,0.4571,1.0,0.7333,0.0,0.0
2024-11-26,60.7,61.69,60.7,61.36,1759900,0.44,0.0,0.4571,1.0,0.7333,0.0,0.0
2024-11-27,61.29,61.89,61.29,61.56,1047200,0.44,0.0,0.4571,1.0,0.7333,0.0,0.0
2024-11-28,61.83,62.09,61.43,61.49,1289900,0.44,0.0,0.4571,1.0,0.7333,0.0,0.0
2024-11-29,61.49,61.96,61.43,61.96,1010500,0.44,0.0,0.4571,1.0,0.7333,0.0,0.0
2024-12-02,63.02,63.15,62.36,62.56,1573100,0.44,0.0,0.4571,1.0,0.7333,0.0,0.0
2024-12-03,62.69,62.69,61.49,61.76,2445800,0.44,0.0,0.4571,1.0,0.7333,0.0,0.0
2024-12-04,61.63,62.36,61.43,62.09,1204400,0.0,0.0,0.3143,0.0,0.0,0.0,0.0
2024-12-05,61.76,62.82,61.76,62.42,2333000,0.0,0.0,0.3143,0.0,0.0,0.0,0.0
2024-12-06,62.42,63.29,62.36,62.56,1700100,0.0,0.0,0.3143,0.0,0.0,0.0,0.0
2024-12-09,62.56,63.29,62.36,63.29,1957500,0.0,0.0,0.3143,0.0,0.0,0.0,0.0
2024-12-10,63.29,63.29,62.76,62.76,912700,0.0,0.0,0.3143,0.0,0.0,0.0,0.0
2024-12-11,62.76,62.96,61.89,61.96,1609700,0.0,0.0,0.3143,0.0,0.0,0.0,0.0
2024-12-12,62.09,62.69,62.09,62.09,671500,0.0,0.0,0.0,0.0,0.0,0.0,0.0
2024-12-13,61.89,62.16,61.69,61.83,1227700,0.0,0.0,0.0,0.0,0.0,0.0,0.0
2024-12-16,61.76,61.89,61.69,61.83,1121800,-1.0,0.0,1.0,0.0,0.2,-1.0,-1.0
2024-12-17,61.76,61.83,61.63,61.76,1048100,-1.0,0.0,1.0,0.0,0.2,-1.0,-1.0
2024-12-18,61.76,61.96,61.76,61.83,530300,-1.0,0.0,1.0,0.0,0.2,-1.0,-1.0
2024-12-19,61.63,61.63,61.23,61.36,1869700,-1.0,0.0,1.0,0.0,0.2,-1.0,-1.0
2024-12-20,61.36,61.69,61.29,61.43,1245900,-1.0,0.0,1.0,0.0,0.2,-1.0,-1.0
2024-12-23,61.49,61.63,61.36,61.36,707200,-1.0,0.0,1.0,0.0,0.2,-1.0,-1.0
2024-12-24,61.56,61.63,61.1,61.16,1024300,-1.0,0.0,1.0,0.0,0.2,-1.0,-1.0
2024-12-25,61.23,62.29,61.23,61.36,1827700,-1.0,0.0,1.0,0.0,0.2,-1.0,-1.0
2024-12-26,61.43,61.63,61.1,61.16,2202900,-1.0,0.0,1.0,0.0,0.2,-1.0,-1.0
2024-12-27,61.43,61.76,61.23,61.23,1639900,-1.0,0.0,1.0,0.0,0.2,-1.0,-1.0
2024-12-30,61.23,61.43,61.1,61.1,1706700,-1.0,0.0,1.0,0.0,0.2,-1.0,-1.0
2024-12-31,61.23,61.36,60.56,60.56,2374000,-1.0,0.0,1.0,0.0,0.2,-1.0,-1.0
2025-01-02,60.83,61.43,60.76,61.03,1630500,-1.0,0.0,1.0,0.0,0.2,-1.0,-1.0
2025-01-03,61.03,61.36,61.03,61.1,1402200,-1.0,0.0,1.0,0.0,0.2,-1.0,-1.0
2025-01-06,61.1,62.03,61.03,61.69,1936800,-1.0,0.0,1.0,0.0,0.2,-1.0,-1.0
2025-01-07,61.89,61.89,61.29,61.29,1252400,-1.0,0.0,1.0,0.0,0.2,-1.0,-1.0
2025-01-08,61.29,61.36,60.76,61.36,1052000,-1.0,0.0,1.0,0.0,0.2,-1.0,-1.0
2025-01-09,61.1,61.23,60.9,61.03,738300,0.0,0.0,1.0,1.0,0.2,-1.0,-1.0
2025-01-10,61.03,61.36,60.7,60.7,1112500,0.3333,0.0,1.0,1.0,0.6,-1.0,-1.0
2025-01-13,60.63,61.03,60.5,61.03,937600,0.3333,0.0,1.0,1.0,0.6,-1.0,-1.0
2025-01-14,61.03,61.03,60.56,60.9,677300,0.3333,0.0,1.0,1.0,0.6,-1.0,-1.0
2025-01-15,61.03,61.03,60.7,60.7,445300,0.5,0.0,0.9789,1.0,0.6571,-1.0,-1.0
2025-01-16,61.03,61.89,60.96,61.56,2460200,0.5314,1.0,0.9832,1.0,0.7429,-1.0,-1.0
2025-01-17,61.56,61.76,61.23,61.43,1122600,0.5314,1.0,0.9832,1.0,0.7429,-1.0,-1.0
2025-01-20,61.29,61.43,60.83,60.9,1761500,0.5314,1.0,0.9832,1.0,0.7429,-1.0,-1.0
2025-01-21,61.16,61.16,60.63,60.7,1264900,0.5314,1.0,0.9693,1.0,0.7429,-1.0,-1.0
2025-01-22,61.1,61.1,60.56,60.56,979100,0.5314,1.0,0.9693,1.0,0.7429,-1.0,-1.0
2025-01-23,60.63,61.69,60.63,61.43,1685100,0.5314,1.0,0.9693,1.0,0.7429,-1.0,-1.0
2025-01-24,61.16,61.76,61.16,61.49,944000,0.5314,1.0,0.9693,1.0,0.7429,-1.0,-1.0
2025-02-03,61.29,61.36,60.83,60.83,1435800,0.5314,1.0,0.9693,1.0,0.7429,-1.0,-1.0
2025-02-04,61.16,61.23,60.9,61.1,855200,0.9143,1.0,0.9632,1.0,0.9238,0.0,0.0
2025-02-05,61.1,61.63,61.1,61.49,1345800,0.9143,1.0,0.9632,1.0,0.9238,0.0,0.0
2025-02-06,61.63,62.03,61.56,61.69,1351600,0.9143,1.0,0.9632,1.0,0.9238,0.0,0.0
2025-02-07,61.69,61.89,61.43,61.76,2260900,0.9143,1.0,0.9632,1.0,0.9238,0.0,0.0
2025-02-10,61.69,61.69,61.03,61.23,2298100,0.9143,1.0,0.9632,1.0,0.9238,0.0,0.0
2025-02-11,61.23,61.29,60.9,61.03,1039400,0.9143,1.0,0.9632,1.0,0.9238,0.0,0.0
2025-02-12,61.03,61.43,60.76,60.76,1054100,0.7128,1.0,0.836,1.0,0.9238,0.0,0.0
2025-02-13,61.03,61.03,60.7,60.83,862300,0.7128,1.0,0.8032,1.0,0.9238,0.0,0.0
2025-02-14,61.23,61.23,60.76,60.83,947800,0.7128,1.0,0.8032,1.0,0.9238,0.0,0.0
2025-02-17,60.76,61.1,60.76,60.83,787100,0.7128,1.0,0.8032,1.0,0.9238,0.0,0.0
2025-02-18,60.83,61.1,60.7,60.83,1065500,0.7128,1.0,0.8032,1.0,0.9238,0.0,0.0
2025-02-19,60.83,60.9,60.63,60.9,1509500,0.7128,1.0,0.8032,1.0,0.9238,0.0,0.0
2025-02-20,61.23,61.29,60.9,60.9,1636600,0.7128,1.0,0.7539,1.0,0.9238,0.0,0.0
2025-02-21,61.16,61.83,61.16,61.83,2513400,0.7128,1.0,0.7539,1.0,0.9238,0.0,0.0
2025-02-24,61.96,62.09,61.56,62.09,1956000,0.7128,1.0,0.7539,1.0,0.9238,0.0,0.0
2025-02-25,62.09,62.16,61.43,61.49,1926600,0.7128,1.0,0.7539,1.0,0.9238,0.0,0.0
2025-02-26,61.49,61.69,61.23,61.29,769200,0.7128,1.0,0.7539,1.0,0.9238,0.0,0.0
2025-02-27,63.02,63.35,62.42,62.42,5028800,0.6683,1.0,0.8032,1.0,0.9143,0.0,0.0
2025-02-28,62.56,62.56,61.96,61.96,2070800,0.5854,1.0,0.8032,1.0,0.8857,0.0,0.0
2025-03-03,62.09,62.09,61.76,61.96,1251000,0.5854,1.0,0.8032,1.0,0.8857,0.0,0.0
2025-03-04,61.89,62.03,61.56,61.76,2498900,0.5854,1.0,0.8032,1.0,0.8857,0.0,0.0
2025-03-05,61.76,62.29,61.76,61.76,1820200,0.556,1.0,0.82,1.0,0.9429,-1.0,0.0
2025-03-06,62.09,62.56,61.89,62.09,2357600,0.5223,0.0,0.775,1.0,0.8857,-1.0,0.0
2025-03-07,62.16,63.29,62.09,63.15,3999500,0.6057,0.0,0.7713,1.0,0.8857,-1.0,0.0
2025-03-10,64.02,64.68,63.82,64.28,4428800,0.6057,0.0,0.7713,1.0,0.8857,-1.0,0.0
2025-03-11,63.75,64.28,63.49,64.28,3640200,0.6057,0.0,0.7391,1.0,0.8857,-1.0,0.0
2025-03-12,65.57,68.16,65.18,66.27,7560300,0.67,1.0,0.6473,1.0,0.5429,-0.84,0.0
2025-03-13,66.77,66.77,64.78,65.08,4496300,0.67,1.0,0.6473,1.0,0.5429,-0.84,0.0
2025-03-14,64.98,66.37,64.98,65.57,4920600,0.67,1.0,0.6473,1.0,0.5429,-0.84,0.0
2025-03-17,65.57,66.87,65.57,66.87,4940800,0.6806,0.8545,0.6705,1.0,0.5429,-0.84,0.0
2025-03-18,67.36,67.36,66.37,66.37,3656000,0.6806,0.8545,0.6705,1.0,0.5429,-0.84,0.0
2025-03-19,66.77,66.77,66.07,66.07,3674000,0.6806,0.8545,0.6705,1.0,0.5429,-0.84,0.0
2025-03-20,66.07,66.57,65.77,66.37,1688900,0.6806,0.8545,0.6705,1.0,0.5429,-0.84,0.0
2025-03-21,66.57,66.57,65.57,65.57,1701500,0.6806,0.8545,0.6705,1.0,0.5429,-0.84,0.0
2025-03-24,65.87,66.07,65.08,66.07,1977600,0.6806,0.8545,0.6705,1.0,0.5429,-0.84,0.0
2025-03-25,66.07,66.17,65.77,65.77,2028100,0.6806,0.8545,0.6705,1.0,0.5429,-0.84,0.0
2025-03-26,65.97,66.17,65.38,65.38,1507400,0.8353,0.8545,0.7646,1.0,0.5429,-0.84,0.0
2025-03-27,65.38,65.48,65.08,65.08,901500,0.8353,0.8545,0.7646,1.0,0.5429,-0.84,0.0
2025-03-28,65.08,65.28,64.38,64.38,1650600,0.8628,0.8364,0.6039,1.0,0.5429,-0.88,0.0
2025-03-31,64.28,64.78,63.59,63.59,1771900,0.8628,0.8364,0.6039,1.0,0.5429,-0.88,0.0
2025-04-01,64.28,64.88,63.59,64.08,1715200,0.8628,0.8364,0.6039,1.0,0.5429,-0.88,0.0
2025-04-02,64.58,65.57,64.18,64.38,2330700,0.8628,0.8364,0.6039,1.0,0.5429,-0.88,0.0
2025-04-03,63.59,63.99,59.91,59.91,9806100,0.8628,0.8364,0.6039,1.0,0.5429,-0.88,0.0
2025-04-04,56.33,59.61,55.84,59.61,11887700,0.8628,0.8364,0.6039,1.0,0.5429,-0.88,0.0
2025-04-08,59.41,59.41,55.44,55.44,7181200,0.8267,0.6773,0.5747,1.0,0.5429,-0.88,0.0
2025-04-09,51.67,59.32,51.67,52.16,8995800,0.8267,0.6773,0.5747,1.0,0.5429,-0.88,0.0
2025-04-10,55.74,55.74,55.74,55.74,174400,0.7084,0.6811,0.5747,1.0,0.4286,-0.88,0.0
2025-04-11,59.41,59.51,57.63,59.41,8059500,0.6985,0.6811,0.5039,1.0,0.2,-0.88,0.0
2025-04-14,59.61,59.61,58.32,58.92,3619500,0.6985,0.6811,0.5039,1.0,0.2,-0.88,0.0
2025-04-15,58.72,60.51,57.92,59.61,5633100,0.6985,0.6811,0.5039,1.0,0.2,-0.88,0.0
2025-04-16,59.32,59.91,58.62,58.92,2625800,0.6985,0.6811,0.5039,1.0,0.2,-0.88,0.0
2025-04-17,58.92,58.92,57.73,57.73,3151800,0.6678,0.6811,0.4046,0.0,0.2,-0.84,0.0
2025-04-18,58.32,59.22,57.73,57.73,2165400,0.6678,0.6811,0.4046,0.0,0.2,-0.84,0.0
2025-04-21,58.12,58.52,57.73,57.83,1290500,0.6302,0.6811,0.3167,0.0,0.2,-0.76,0.0
2025-04-22,57.73,58.42,54.35,58.12,3850700,0.6302,0.6811,0.3167,0.0,0.2,-0.76,0.0
2025-04-23,59.02,59.02,57.63,57.63,1928700,0.6302,0.6811,0.3167,0.0,0.2,-0.76,0.0
2025-04-24,57.83,58.22,57.63,57.83,1861200,0.6447,0.6014,0.4967,0.0,0.2,-1.0,0.0
2025-04-25,57.83,58.62,57.13,57.13,3682000,0.6447,0.6014,0.4967,0.0,0.2,-1.0,0.0
2025-04-28,57.33,57.92,57.13,57.13,1654600,0.6447,0.6014,0.4967,0.0,0.2,-1.0,0.0
2025-04-29,57.33,58.12,56.93,56.93,2432200,0.6226,0.5655,0.4,0.0,0.2,-1.0,0.0
2025-05-05,57.13,57.63,56.63,56.73,2101500,0.6226,0.5655,0.4,0.0,0.2,-1.0,0.0
2025-05-06,56.93,57.63,56.63,56.63,2992900,0.6226,0.5655,0.4,0.0,0.2,-1.0,0.0
2025-05-07,56.73,57.13,56.63,56.63,2415400,0.6226,0.5655,0.4,0.0,0.2,-1.0,0.0
2025-05-08,57.03,57.33,56.53,56.73,3022300,0.6226,0.5655,0.4,0.0,0.2,-1.0,0.0
2025-05-09,56.93,57.23,56.24,56.24,5827400,0.6226,0.5655,0.4,0.0,0.2,-1.0,0.0
2025-05-12,56.63,56.93,55.84,56.24,5992500,0.6226,0.5655,0.4,0.0,0.2,-1.0,0.0
2025-05-13,56.73,56.93,56.24,56.43,7392600,0.6226,0.5655,0.4,0.0,0.2,-1.0,0.0
2025-05-14,56.83,58.42,56.83,58.32,8014200,0.6226,0.5655,0.4,0.0,0.2,-1.0,0.0
2025-05-15,58.92,59.41,58.32,58.32,8070600,0.4968,0.4483,0.7,0.0,0.2,0.0,0.0
2025-05-16,58.42,58.62,57.13,57.13,8364800,0.4968,0.4483,0.7,0.0,0.2,0.0,0.0
2025-05-19,57.03,57.23,56.63,56.63,4784400,0.4968,0.4483,0.7,0.0,0.2,0.0,0.0
2025-05-20,56.63,57.03,56.43,56.73,3867000,0.4968,0.4483,0.7,0.0,0.2,0.0,0.0
2025-05-21,57.13,57.53,56.63,56.73,5161800,0.4968,0.4483,0.7,0.0,0.2,0.0,0.0
2025-05-22,56.73,57.03,56.53,56.53,3694300,0.4968,0.4483,0.7,0.0,0.2,0.0,0.0
2025-05-23,56.53,57.13,56.33,56.43,3546500,0.44,0.6966,1.0,0.0,0.2,0.0,0.0
2025-05-26,56.53,56.63,55.64,56.63,4728300,0.44,0.6966,1.0,0.0,0.2,0.0,0.0
2025-05-27,56.43,56.83,56.33,56.43,5548900,1.0,0.0,1.0,1.0,0.0,0.2,0.0
2025-05-28,56.73,57.23,56.43,56.43,4950200,1.0,0.0,1.0,1.0,0.0,0.2,0.0
2025-05-29,56.83,56.83,56.33,56.33,3904500,1.0,0.0,1.0,1.0,0.0,0.2,0.0
2025-05-30,56.43,56.53,56.04,56.04,3934000,1.0,0.0,1.0,1.0,0.0,0.2,0.0
2025-06-02,56.14,56.14,55.74,55.84,3225700,1.0,0.0,1.0,1.0,0.0,0.2,0.0
2025-06-03,56.33,56.53,56.04,56.43,3364000,1.0,0.0,1.0,1.0,0.0,0.2,0.0
2025-06-04,56.53,56.63,56.14,56.24,2690500,1.0,0.0,1.0,1.0,0.0,0.2,0.0
2025-06-05,56.33,56.43,55.94,55.94,2783100,1.0,0.0,1.0,1.0,0.0,0.2,0.0
2025-06-06,55.94,56.24,55.74,55.74,2531900,1.0,0.0,1.0,1.0,0.0,0.2,0.0
2025-06-09,55.84,56.04,55.54,55.54,2223900,1.0,0.0,1.0,1.0,0.0,0.2,0.0
2025-06-10,55.64,55.84,55.54,55.54,2231400,0.0,0.0,1.0,1.0,0.0,0.2,0.0
2025-06-11,55.84,55.84,55.34,55.34,2295800,0.0,0.0,1.0,1.0,0.0,0.2,0.0
2025-06-12,55.64,55.74,55.34,55.64,2560800,0.0,0.0,1.0,1.0,0.0,0.2,0.0
2025-06-13,55.54,56.73,55.24,55.84,5364900,0.0,0.0,1.0,1.0,0.0,0.2,0.0
2025-06-16,55.84,56.33,55.84,56.24,4336600,0.0,0.0,1.0,1.0,0.0,0.2,0.0
2025-06-17,56.53,57.13,56.43,56.83,5159800,0.0,0.0,1.0,1.0,0.0,0.2,0.0
2025-06-18,56.83,56.93,56.14,56.33,3421100,0.0,0.0,1.0,1.0,0.0,0.2,0.0
2025-06-19,56.33,56.63,56.14,56.24,2368700,0.0,0.0,1.0,1.0,0.0,0.6,0.0
2025-06-20,56.33,56.83,56.14,56.73,6886500,0.0,0.0,1.0,1.0,0.0,0.6,0.0
2025-06-23,56.33,56.53,56.14,56.24,2480600,0.0,0.0,1.0,1.0,0.0,0.6,0.0
2025-06-24,56.53,56.73,56.24,56.24,3507600,0.0,0.0,1.0,1.0,0.0,0.6,0.0
2025-06-25,56.43,56.53,56.24,56.24,2739800,0.0,0.0,1.0,1.0,0.0,0.6,0.0
2025-06-26,56.33,56.43,56.04,56.04,2842900,0.0,0.0,1.0,1.0,0.0,0.6,0.0
2025-06-27,56.24,56.93,56.04,56.33,4082600,0.0,0.0,1.0,1.0,0.0,0.6,0.0
2025-06-30,56.63,56.83,56.53,56.63,2952200,0.0,0.0,1.0,1.0,0.0,0.6,0.0
2025-07-01,56.83,58.42,56.73,57.83,10049500,0.0,0.0,1.0,1.0,0.0,0.6,0.0
2025-07-02,57.92,58.22,57.33,57.63,2913600,0.0,0.0,1.0,1.0,0.0,0.6,0.0
2025-07-03,57.73,58.42,57.33,57.53,7395300,0.0,0.0,1.0,1.0,0.0,0.6,0.0
2025-07-04,57.53,58.42,57.43,58.02,4849800,0.0,0.0,1.0,1.0,0.0,0.6,0.0
2025-07-07,58.12,58.52,57.83,58.22,8056200,0.0,0.0,1.0,1.0,0.0,0.6,0.0
2025-07-08,58.42,59.12,58.22,58.62,10394500,0.0,0.0,0.0,1.0,0.0,1.0,0.0
2025-07-09,59.02,61.4,59.02,61.1,16449700,0.0,0.0,0.0,1.0,0.0,1.0,0.0
2025-07-10,61.4,61.4,60.61,61.0,8152900,1.0,0.0,1.0,1.0,0.0,1.0,0.0
2025-07-11,61.1,62.69,61.1,62.3,12701900,1.0,0.0,1.0,1.0,0.0,1.0,0.0
2025-07-14,62.49,62.49,60.61,62.0,6475000,1.0,0.0,1.0,1.0,0.0,1.0,0.0
2025-07-15,62.0,62.2,61.0,61.0,6315400,1.0,0.0,1.0,1.0,0.0,1.0,0.0
2025-07-16,61.0,61.7,60.71,61.4,7603200,1.0,0.0,1.0,1.0,0.0,1.0,0.0
2025-07-17,61.4,62.3,61.4,61.8,9992700,1.0,0.0,1.0,1.0,0.0,1.0,0.0
2025-07-18,61.9,62.2,61.4,61.5,6915300,1.0,0.0,1.0,1.0,0.0,1.0,0.0
2025-07-21,61.8,62.3,60.91,60.91,6138200,1.0,0.0,1.0,1.0,0.0,1.0,0.0
2025-07-22,60.91,61.8,60.51,61.8,4902600,1.0,0.0,1.0,1.0,0.0,1.0,0.0
2025-07-23,62.1,62.2,61.4,61.7,5087300,1.0,0.0,1.0,1.0,0.0,1.0,0.0
2025-07-24,61.8,63.09,61.5,61.7,8710200,1.0,0.0,1.0,1.0,0.0,1.0,0.0
2025-07-25,61.7,62.1,61.5,61.6,4978400,1.0,0.0,1.0,1.0,0.0,1.0,0.0
2025-07-28,61.8,62.59,61.7,62.4,10484700,1.0,0.0,1.0,1.0,0.0,1.0,0.0
2025-07-29,62.79,62.79,60.61,60.61,10595600,1.0,0.0,1.0,1.0,0.0,1.0,0.0
2025-07-30,60.61,61.5,60.01,60.51,7271000,1.0,0.0,1.0,1.0,0.0,1.0,0.0
2025-07-31,61.1,61.3,59.71,59.81,6066900,1.0,0.0,1.0,1.0,0.0,1.0,0.0
2025-08-01,59.91,60.21,59.32,59.81,4751600,1.0,0.0,1.0,0.9512,0.0,0.6,1.0
2025-08-04,59.71,61.0,59.61,60.71,4462400,1.0,0.0,1.0,0.9512,0.0,0.6,1.0
2025-08-05,61.1,63.29,60.81,61.1,18590000,1.0,0.0,1.0,0.9512,0.0,0.6,1.0
2025-08-06,61.7,62.4,61.5,61.9,4677500,1.0,0.0,1.0,0.9512,0.0,0.6,1.0
2025-08-07,62.49,62.49,60.91,61.3,9498700,1.0,0.0,1.0,0.9512,0.0,0.6,1.0
2025-08-08,61.8,62.89,61.2,61.5,10679800,1.0,0.0,1.0,0.9512,0.0,0.6,1.0
2025-08-11,61.7,62.79,61.7,62.1,7266300,1.0,0.1333,0.6,0.9512,0.2,0.6,1.0
2025-08-12,62.4,64.38,62.3,62.59,12129000,1.0,0.1333,0.6,0.9512,0.2,0.6,1.0
2025-08-13,63.09,63.19,61.6,62.1,7519800,1.0,0.1333,0.6,0.9512,0.2,0.6,1.0
2025-08-14,63.29,65.87,62.89,64.78,19003100,1.0,0.1333,0.6,0.9512,0.2,0.6,1.0
2025-08-15,66.97,67.07,63.79,63.89,16667800,1.0,0.1333,0.6,0.9512,0.2,0.6,1.0
2025-08-18,64.38,65.18,63.59,64.08,8297300,1.0,0.1333,0.6,0.9512,0.2,0.6,1.0
2025-08-19,64.08,64.98,63.79,63.79,9191400,1.0,0.1333,0.6,0.9512,0.2,0.6,1.0
2025-08-20,64.08,64.18,61.8,62.59,10537600,1.0,0.1333,0.6,0.9512,0.2,0.6,1.0
2025-08-21,62.89,64.58,62.89,63.79,9639300,1.0,0.5667,0.6,0.9512,0.5333,0.2,1.0
2025-08-22,63.59,66.77,63.29,64.18,18944300,1.0,0.3111,0.6,0.9512,0.5333,0.2,1.0
2025-08-25,65.38,65.38,62.99,63.19,7750800,1.0,0.3111,0.6,0.9512,0.5333,0.2,1.0
2025-08-26,63.19,64.58,62.49,64.18,7988400,1.0,0.3111,0.6,0.9512,0.5333,0.2,1.0
2025-08-27,64.58,68.65,64.58,68.65,31048100,0.938,0.3693,0.7333,0.9675,0.4862,0.2,1.0
2025-08-28,69.05,70.15,68.26,68.56,8799400,0.8519,0.4554,0.7333,0.9675,0.4862,0.2,1.0
2025-08-29,68.75,69.65,68.06,68.16,14696100,0.8519,0.4554,0.7333,0.9675,0.4862,0.2,1.0
2025-09-03,68.36,68.36,66.57,66.57,14216900,0.8519,0.4554,0.7333,0.9675,0.4862,0.2,1.0
2025-09-04,67.07,68.56,66.47,68.46,8942100,0.8519,0.4554,0.7333,0.9675,0.4862,0.2,1.0
2025-09-05,69.05,69.15,67.07,67.07,11047800,0.8519,0.4554,0.7333,0.9675,0.4862,0.2,1.0
2025-09-08,66.67,67.07,64.88,64.88,11249800,0.8519,0.4554,0.7333,0.9675,0.4862,0.2,1.0
2025-09-09,65.08,65.77,64.08,64.48,6192300,0.8519,0.4033,0.7333,0.9675,0.4147,0.2,1.0
2025-09-10,65.18,65.57,64.38,65.38,5006400,0.8519,0.4033,0.7333,0.9675,0.4147,0.2,1.0
2025-09-11,65.18,65.57,63.79,65.28,6349100,0.8519,0.4033,0.7333,0.9675,0.4147,0.2,1.0
2025-09-12,65.77,65.77,64.58,65.38,5694200,0.8519,0.4033,0.7333,0.9675,0.4147,0.2,1.0
2025-09-15,65.57,65.57,65.08,65.38,5367400,0.8519,0.4033,0.7333,0.9675,0.4147,0.2,1.0
2025-09-16,65.57,66.17,65.18,65.18,6765400,0.8149,0.4033,0.7333,1.0,0.4147,0.2,0.0
2025-09-17,65.08,65.38,64.38,64.38,5627200,0.8149,0.4033,0.7333,1.0,0.4147,0.2,0.0
2025-09-18,64.48,64.48,63.19,63.49,8783400,0.8149,0.4033,0.7333,1.0,0.4147,0.2,0.0
2025-09-19,63.79,64.08,62.59,62.59,6932700,0.6759,0.4543,0.8,1.0,0.4147,0.2,0.0
2025-09-22,62.59,62.79,61.4,61.6,6061300,0.6759,0.4543,0.8,1.0,0.4147,0.2,0.0
2025-09-23,62.0,62.69,61.8,61.8,3267800,0.6759,0.4543,0.8,1.0,0.4147,0.2,0.0
2025-09-24,62.0,62.3,61.4,62.3,3879200,0.6759,0.5078,1.0,1.0,0.4862,0.2,0.0
2025-09-25,62.89,62.99,62.3,62.59,3870300,0.7188,0.4638,1.0,1.0,0.4862,0.2,0.0
2025-09-26,62.79,62.99,62.49,62.59,3981900,0.7076,0.4638,1.0,1.0,0.4862,0.2,0.0
2025-09-29,62.49,62.49,62.0,62.2,2782900,0.7076,0.4638,1.0,1.0,0.4862,0.2,0.0
2025-09-30,62.4,62.49,61.4,61.6,4104100,0.7076,0.4638,1.0,1.0,0.4862,0.2,0.0
2025-10-01,62.3,62.3,61.6,62.0,3022000,0.7219,0.4808,1.0,1.0,0.6147,0.2,0.0
2025-10-02,62.0,62.69,61.7,61.7,3657500,0.7219,0.4808,1.0,1.0,0.6147,0.2,0.0
2025-10-03,62.0,62.0,61.4,61.7,2821100,0.7219,0.4808,1.0,1.0,0.6147,0.2,0.0
2025-10-06,62.8,64.0,62.8,64.0,7461700,0.6822,0.4067,1.0,1.0,0.5307,0.2,0.0
2025-10-07,64.1,64.1,63.3,63.7,4229300,0.6292,0.5078,1.0,1.0,0.5307,0.2,0.0
2025-10-08,64.2,64.9,63.6,64.6,8113800,0.6822,0.5078,1.0,1.0,0.648,0.2,0.0
2025-10-09,64.5,65.2,63.8,63.8,5734200,0.6822,0.5078,1.0,1.0,0.648,0.2,0.0
2025-10-10,63.9,64.4,63.6,64.2,4985600,0.6705,0.5006,1.0,0.0,0.7333,0.2,0.0
2025-10-13,63.4,63.8,62.8,63.1,7992500,0.7031,0.4257,1.0,0.0,0.7333,0.2,0.0
2025-10-14,63.5,64.0,62.9,63.1,7008900,0.7526,0.5006,1.0,1.0,0.7333,0.2,0.0
2025-10-15,63.1,63.4,62.5,62.5,5218800,0.7526,0.5006,1.0,1.0,0.7333,0.2,0.0
2025-10-16,62.7,63.0,62.5,62.9,4634400,0.7526,0.5006,1.0,1.0,0.7333,0.2,0.0
2025-10-17,62.9,62.9,61.8,61.9,5405900,0.7526,0.5006,1.0,1.0,0.7333,0.2,0.0
2025-10-20,61.8,62.2,58.6,59.4,12115600,0.7526,0.5006,1.0,1.0,0.7333,0.2,0.0
2025-10-21,59.7,60.7,59.3,59.3,8416700,0.7526,0.59,1.0,1.0,1.0,0.2,0.0
2025-10-22,60.1,60.2,58.5,59.6,4664800,0.7526,0.59,1.0,1.0,1.0,0.2,0.0
2025-10-23,58.9,60.3,58.9,59.8,4227100,0.7526,0.59,1.0,1.0,1.0,0.2,0.0
2025-10-24,59.8,59.9,58.8,59.5,4372700,0.7526,0.59,1.0,1.0,1.0,0.2,0.0
2025-10-27,60.0,60.0,59.2,59.2,2640000,0.7526,0.59,1.0,1.0,1.0,0.2,0.0
2025-10-28,59.2,60.2,59.1,60.0,2789700,0.7526,0.59,1.0,1.0,1.0,0.2,0.0
2025-10-29,60.0,61.0,59.8,60.7,3716000,0.7526,0.59,1.0,1.0,1.0,0.2,0.0
2025-10-30,61.0,61.2,60.3,60.6,1946600,0.7526,0.59,1.0,1.0,1.0,0.2,0.0
2025-10-31,60.8,60.8,59.6,59.6,2117800,0.8791,0.5333,1.0,1.0,1.0,0.2,0.0
2025-11-03,60.0,60.3,59.3,59.3,2800100,0.8791,0.5333,1.0,1.0,1.0,0.2,0.0
2025-11-04,59.2,60.4,59.1,60.1,2952400,0.8791,0.5333,1.0,1.0,1.0,0.2,0.0
2025-11-05,60.0,61.1,59.9,60.8,4601700,0.8791,0.5333,1.0,1.0,1.0,0.2,0.0
2025-11-06,60.9,61.3,60.2,60.3,2821200,0.8656,0.7,1.0,1.0,1.0,0.2,0.0
2025-11-07,60.0,60.0,59.0,59.3,3586300,0.9407,0.7,1.0,1.0,1.0,0.2,0.0
2025-11-10,59.4,59.7,58.8,58.8,2316500,0.9407,0.7,1.0,1.0,1.0,0.2,0.0
2025-11-11,59.1,59.6,58.8,58.9,2540900,0.9407,0.7,1.0,1.0,1.0,0.2,0.0
2025-11-12,59.1,59.7,59.0,59.5,2012700,1.0,0.8,1.0,1.0,1.0,0.0,0.0
2025-11-13,59.5,60.0,59.2,59.8,2113500,0.8865,0.8,1.0,1.0,1.0,0.0,1.0
2025-11-14,59.8,60.4,59.4,60.0,2069600,0.8865,0.8,1.0,1.0,1.0,0.0,1.0
2025-11-17,60.0,60.4,59.9,60.2,1585600,0.8865,0.8,1.0,1.0,1.0,0.0,1.0
2025-11-18,60.4,60.4,59.8,59.9,2158800,0.8865,0.8,1.0,1.0,1.0,0.0,1.0
2025-11-19,59.9,60.1,59.3,59.4,2896200,0.8298,0.8,1.0,1.0,0.0,0.0,1.0
2025-11-20,59.6,59.7,59.2,59.4,2259400,0.8298,0.8,1.0,1.0,0.0,0.0,1.0
2025-11-21,59.1,59.2,58.7,59.0,3452400,0.8298,0.8,1.0,1.0,0.0,0.0,1.0
2025-11-24,59.0,59.3,58.7,58.8,2025600,0.8298,0.8,1.0,1.0,0.0,0.0,1.0
2025-11-25,58.9,59.0,58.2,58.2,2755000,0.6596,0.0,0.0,0.0,0.0,0.0,1.0
2025-11-26,58.5,58.6,57.8,58.1,5371200,0.6596,0.0,0.0,0.0,0.0,0.0,1.0
2025-11-27,58.2,58.5,57.9,57.9,3113500,0.6596,0.0,0.0,0.0,0.0,0.0,1.0
2025-11-28,58.0,58.1,57.4,57.4,3534300,0.6596,0.0,0.0,1.0,0.0,1.0,1.0
2025-12-01,57.6,58.0,57.5,57.5,2824900,0.6596,0.0,0.0,1.0,0.0,1.0,1.0
2025-12-02,57.5,57.8,57.2,57.6,3185600,0.6596,0.0,0.0,1.0,0.0,1.0,1.0
2025-12-03,57.8,59.1,57.8,58.9,6161200,0.6596,0.0,0.0,1.0,0.0,1.0,1.0
2025-12-04,59.0,59.4,58.7,58.9,2923100,0.6596,0.0,0.0,1.0,0.0,1.0,1.0
2025-12-05,59.0,59.2,58.2,58.3,3604700,0.6596,0.0,0.0,1.0,0.0,1.0,1.0
2025-12-08,58.2,58.3,57.8,57.9,2141500,0.6596,0.0,0.0,1.0,0.0,1.0,1.0
2025-12-09,57.9,58.7,57.3,58.0,4519400,0.6596,0.0,0.0,1.0,0.0,1.0,1.0
2025-12-10,58.3,58.6,57.8,58.2,3082500,0.6596,0.0,0.0,1.0,0.0,1.0,1.0
2025-12-11,58.4,58.4,57.6,57.6,1746700,0.6596,0.0,0.0,1.0,0.0,1.0,1.0
2025-12-12,57.8,57.8,56.8,56.8,4847700,0.6596,0.0,0.0,1.0,0.0,1.0,1.0
2025-12-15,56.8,57.3,56.7,56.8,3203100,0.6596,0.0,0.0,1.0,0.0,1.0,1.0
2025-12-16,56.9,57.4,56.0,56.9,6346800,0.6596,0.0,0.0,1.0,0.0,1.0,1.0
2025-12-17,57.0,57.5,56.7,56.7,2331200,0.6596,0.0,0.0,1.0,0.0,1.0,1.0
2025-12-18,57.2,57.5,56.7,56.8,3075800,0.6596,0.0,0.0,1.0,0.0,1.0,1.0
2025-12-19,57.0,57.5,56.7,57.5,4265500,0.6596,0.0,0.0,1.0,0.0,1.0,1.0
2025-12-22,57.7,58.0,57.3,57.8,2961200,0.6596,0.0,0.0,1.0,0.0,1.0,1.0
2025-12-23,57.8,58.1,57.0,57.2,3147900,0.6596,0.0,0.0,1.0,0.0,1.0,1.0
2025-12-24,57.3,57.3,56.9,57.0,4431500,0.3298,0.337,0.4667,1.0,0.0,1.0,1.0
2025-12-25,57.0,57.9,57.0,57.1,3968100,0.0,0.337,0.4667,1.0,0.0,1.0,0.0
2025-12-26,57.1,57.4,56.6,57.1,3302500,0.0,0.337,0.4667,1.0,0.0,1.0,0.0
2025-12-29,57.4,57.5,57.1,57.1,2099700,0.3714,0.6685,0.5733,1.0,0.0,1.0,0.0
2025-12-30,57.3,58.1,57.2,57.3,2958000,0.3714,0.6685,0.5733,1.0,0.0,1.0,0.0
